cid,label,pred
0,6.4,6.300193
1,4.72,5.499194
2,3.54,4.2151256
3,4.85,5.3513565
4,3.37,3.882321
5,3.33,3.8958097
6,6.0,6.469802
7,8.29,8.126512
8,4.3,6.0512137
9,8.0,8.134705
10,6.66,6.7878475
11,5.92,6.4530563
12,5.3,6.5652366
13,7.85,7.9597836
14,5.7,6.024482
15,6.92,7.577539
16,6.17,5.6380386
17,8.4,8.8079605
18,6.74,7.0532217
19,5.36,5.662201
20,6.0,5.899296
21,6.62,6.5043993
22,6.28,6.18653
23,2.5,4.29804
24,3.72,4.53004
25,4.82,6.7416506
26,3.87,4.0030527
27,2.63,5.5070395
28,2.23,4.6031127
29,7.72,7.758194
30,7.91,7.5531616
31,6.52,7.134099
32,4.3,4.5821576
33,4.54,4.584984
34,9.0,9.51593
35,6.28,5.6750445
36,6.96,6.8835683
37,3.9,4.248071
38,3.13,3.808443
39,6.1,7.1837845
40,7.12,6.819249
41,6.7,7.1384296
42,4.54,6.922887
43,7.1,6.821567
44,6.6,7.2109246
45,6.89,7.5414605
46,6.7,7.0365505
47,6.21,6.639804
48,5.89,6.201523
49,5.28,5.9803715
1,5.46,6.6956687
2,5.23,6.09888
3,7.37,7.100286
4,7.12,6.955
5,7.4,7.5949016
6,8.0,6.783616
7,6.59,6.724963
8,6.01,6.9600677
9,7.05,7.320394
10,7.92,7.8782277
11,8.74,8.680413
12,8.3,8.425529
13,8.02,8.333043
14,10.52,9.375462
15,10.64,10.1067
16,7.85,7.140593
17,5.96,6.8415756
18,7.7,8.219694
19,8.7,6.634123
20,3.28,5.32138
21,6.34,7.1673956
22,8.57,8.884532
23,4.38,5.068655
24,6.84,7.260137
25,4.8,5.9120684
26,5.54,6.062889
27,7.52,7.045098
28,4.59,7.3870635
29,9.34,7.1167936
30,9.89,7.012225
31,9.31,6.8197536
32,10.0,7.1328325
33,9.49,7.577481
34,9.8,7.3722887
35,9.7,8.450691
36,8.77,7.832555
37,9.08,7.4376726
38,5.22,5.4502726
39,3.22,3.7990856
40,4.74,4.3351955
41,10.3,10.505392
42,9.96,10.348755
43,8.6,9.13157
44,8.42,9.146053
45,10.0,9.78541
46,7.38,9.405003
47,3.4,6.0652885
48,4.92,6.757092
49,4.66,5.0999565
50,8.34,8.494844
2,7.63,6.911517
3,8.25,8.36112
4,7.64,8.104084
5,3.68,4.768118
6,10.37,10.858923
7,6.96,7.416305
8,4.7,5.1953573
9,3.49,4.5534134
10,4.68,4.8200955
11,6.36,5.9522543
12,6.0,6.398051
13,4.1,4.986778
14,6.68,6.845956
15,4.2,4.4802647
16,10.3,10.567926
17,4.85,5.2992754
18,5.0,5.62255
19,4.7,5.1008587
20,4.2,4.819702
21,5.29,6.2456517
22,6.35,6.7816415
23,6.0,6.3765197
24,2.89,3.9051614
25,6.87,7.0052114
26,7.44,7.666175
27,7.72,7.4702864
28,7.37,7.3058033
29,7.85,7.5716467
30,6.66,6.9855185
31,4.52,7.709196
32,11.92,7.1829395
33,7.57,7.5214443
34,6.0,7.0862994
35,9.09,7.8915486
36,7.39,7.722954
37,10.0,10.197979
38,8.85,9.001852
39,9.22,8.9262495
40,8.77,8.917517
41,6.3,6.0956087
42,11.1,7.6541967
43,6.17,6.1494484
44,3.6,3.726726
45,3.3,3.8048754
46,9.11,9.3390465
47,4.96,6.8944283
48,4.3,4.2594147
49,9.7,9.790024
50,5.05,3.4659257
51,7.26,7.622238
3,6.55,7.5455494
4,6.49,6.7215233
5,9.55,9.790195
6,8.0,8.805982
7,6.82,5.7592354
8,6.54,7.1354475
9,4.82,5.9589844
10,11.8,11.136457
11,4.36,5.3230534
12,6.1,6.821421
13,4.92,5.587518
14,5.89,6.7204366
15,4.94,5.9977007
16,9.0,9.341587
17,4.34,5.900074
18,8.41,5.1396766
19,4.0,5.281481
20,9.89,6.3201213
21,3.15,4.865962
22,3.22,3.3984017
23,6.01,6.5896397
24,9.05,8.730878
25,9.7,8.696247
26,9.4,9.189011
27,8.49,8.710381
28,8.92,8.981386
29,10.0,9.610049
30,9.04,9.208444
31,3.1,3.5202613
32,3.0,3.59197
33,4.85,4.8459444
34,8.22,7.4155874
35,5.7,6.843932
36,5.62,6.0892587
37,6.36,6.8118734
38,7.15,6.4473085
39,6.66,6.805188
40,6.7,6.9869595
41,6.85,7.152605
42,4.96,5.219154
43,5.08,5.540656
44,6.05,6.760293
45,7.96,7.4276094
46,8.1,7.6560497
47,2.26,5.0328617
48,3.22,4.076059
49,6.33,7.068619
50,5.1,5.2932167
51,9.05,9.212347
52,7.66,7.8977804
4,7.74,7.3233695
5,6.0,6.6259212
6,7.16,7.0648212
7,2.96,5.737734
8,4.62,6.7418528
9,5.59,5.9830112
10,5.64,6.0274034
11,3.74,4.5242195
12,5.28,6.2517853
13,2.39,3.7822108
14,3.05,5.0121303
15,5.4,5.393228
16,7.4,7.372876
17,3.4,3.7245538
18,4.82,5.7442875
19,7.37,6.448418
20,7.15,8.03406
21,7.19,7.291031
22,8.52,7.725088
23,9.22,8.40554
24,8.4,8.344572
25,5.24,6.088669
26,6.89,6.98112
27,6.43,6.339592
28,6.82,6.8842993
29,6.59,8.199564
30,9.96,10.265962
31,9.7,10.30456
32,9.4,9.661627
33,8.0,6.9562798
34,8.15,7.512843
35,7.0,7.7370625
36,8.8,8.198867
37,5.05,5.764269
38,6.8,7.147068
39,10.0,9.936084
40,9.0,9.251796
41,5.59,5.5586295
42,7.0,7.9975643
43,8.4,8.533633
44,5.18,5.391404
45,7.61,7.112571
46,5.93,6.293319
47,8.1,8.123166
48,8.4,8.612496
49,7.7,7.9323244
50,7.89,8.007706
51,7.62,7.681847
52,9.44,8.14963
53,7.96,7.781535
5,7.24,7.6797514
6,10.55,8.66255
7,6.85,7.435122
8,6.11,6.729221
9,8.14,7.9523716
10,7.17,7.5168357
11,5.55,5.2257843
12,5.38,5.0021486
13,8.64,7.513299
14,8.8,7.802574
15,8.41,7.930278
16,9.54,7.5044937
17,9.04,8.159121
18,8.82,7.666736
19,6.52,6.808484
20,5.47,5.838332
21,6.06,6.4767427
22,6.4,6.721243
23,5.48,5.8608627
24,5.7,5.6944733
25,8.0,7.335674
26,8.0,8.229156
27,10.0,9.733374
28,5.08,5.6178255
29,4.35,4.7803397
30,4.2,4.522053
31,8.1,8.293533
32,4.8,4.254734
33,5.47,5.7945786
34,7.19,5.947754
35,4.51,4.816823
36,7.0,7.0640664
37,6.35,7.8977203
38,6.25,6.521729
39,5.68,6.278571
40,7.7,6.6391325
41,5.37,5.0443306
42,3.72,3.9710214
43,6.96,7.0988884
44,7.22,7.205611
45,2.57,2.6764922
46,6.37,6.323565
47,2.48,3.7211034
48,3.64,4.0467663
49,8.22,8.920921
50,9.1,8.501752
51,8.35,7.91914
52,2.92,3.6203933
53,7.89,8.119581
54,3.57,4.110876
6,4.66,5.1734805
7,3.93,4.74493
8,5.3,4.471953
9,6.37,8.027039
10,5.82,5.5831733
11,5.34,5.8953805
12,8.7,7.94614
13,4.19,4.520691
14,4.49,5.3263435
15,4.04,4.0772576
16,5.31,5.5268855
17,5.0,5.068394
18,6.55,6.648534
19,6.37,6.529528
20,5.79,6.0173407
21,3.82,4.771511
22,6.55,7.139278
23,9.22,7.965123
24,9.22,8.466785
25,9.22,8.93294
26,11.26,11.10595
27,9.42,9.562954
28,7.19,7.698488
29,7.96,8.182625
30,11.4,11.607492
31,9.95,10.2880745
32,9.51,9.304031
33,10.3,10.662714
34,8.33,8.221491
35,9.92,9.434607
36,10.82,8.8851
37,4.07,4.1746235
38,5.03,5.1535497
39,3.31,4.9975953
40,9.57,9.812862
41,8.52,8.485491
42,6.4,6.99226
43,8.66,8.242489
44,8.41,7.7174187
45,10.19,10.755468
46,10.52,8.27625
47,9.64,7.933246
48,6.4,6.502126
49,10.0,10.23612
50,2.89,3.510325
51,7.48,7.9398875
52,7.41,7.5372496
53,3.4,5.3970737
54,7.52,7.5547876
55,6.19,5.8682995
7,7.7,8.734002
8,6.59,6.5992823
9,6.47,6.5176396
10,4.49,4.7937884
11,3.84,4.3247156
12,5.22,6.1879754
13,7.74,7.0366135
14,8.96,9.542904
15,5.57,6.7186213
16,5.92,6.356123
17,4.48,5.067879
18,5.15,5.4005985
19,7.25,7.7124014
20,6.82,6.7345467
21,6.89,7.2727904
22,8.7,8.633183
23,3.33,3.2468657
24,5.77,5.820059
25,6.07,5.906688
26,4.95,5.428598
27,6.0,6.152091
28,4.92,5.1428237
29,5.7,6.648836
30,5.15,5.873175
31,3.52,4.485525
32,6.6,6.7945566
33,6.58,6.0331564
34,7.55,7.3832946
35,6.9,7.4162874
36,7.4,7.223818
37,6.82,6.9531856
38,6.17,6.511155
39,8.38,8.455208
40,8.4,8.736142
41,9.0,7.057619
42,5.85,6.3721504
43,7.36,7.816278
44,7.62,7.6268873
45,6.92,7.264201
46,6.52,7.235896
47,5.82,6.5946417
48,5.52,5.8173876
49,9.05,7.503759
50,7.28,6.5244875
51,6.06,6.424395
52,4.91,4.7988734
53,5.1,5.5337906
54,6.7,6.5298223
55,5.8,6.025013
56,9.4,9.596095
8,3.8,5.911522
9,3.77,5.802971
10,3.91,5.7001624
11,5.94,6.7126884
12,4.22,5.1553526
13,5.92,8.009588
14,10.39,10.511867
15,8.92,7.2276354
16,3.4,3.817947
17,6.22,6.7664156
18,7.85,7.7257338
19,6.3,6.3539762
20,7.52,7.255504
21,7.22,6.223679
22,7.85,7.6906962
23,3.18,3.408606
24,6.64,5.9325
25,7.74,8.407051
26,7.52,7.947102
27,6.1,6.3605566
28,4.0,4.358069
29,8.83,7.762787
30,4.04,4.3497496
31,4.25,4.6413355
32,3.8,3.8218112
33,7.52,8.992732
34,6.85,7.42367
35,5.81,6.1750383
36,8.7,8.876183
37,3.7,4.913892
38,7.09,8.263238
39,7.55,8.580021
40,7.6,7.8026056
41,6.82,7.3965645
42,7.85,8.202843
43,5.32,5.087594
44,4.54,5.248063
45,8.39,8.628067
46,8.82,6.495344
47,2.22,5.5628557
48,2.31,3.9678564
49,3.89,4.4308577
50,6.11,6.17939
51,6.1,6.264738
52,6.46,6.1957216
53,4.15,5.044817
54,5.09,5.5398455
55,9.52,9.506808
56,4.27,5.713701
57,6.23,6.836099
9,5.4,6.675666
10,3.4,4.090389
11,6.68,7.1112013
12,7.7,8.418293
13,9.4,9.659594
14,5.31,5.4221725
15,5.59,6.8001976
16,9.21,8.10006
17,7.52,7.7038813
18,5.4,6.5811872
19,3.46,6.5519934
20,9.0,8.991257
21,11.15,9.8552685
22,4.52,6.921916
23,3.96,4.90674
24,9.7,9.082148
25,7.26,7.398917
26,10.48,9.400156
27,9.09,8.532253
28,8.38,8.63048
29,9.0,8.657946
30,8.64,9.050497
31,6.98,7.22606
32,7.45,8.223673
33,5.7,5.8402147
34,8.89,9.760749
35,10.52,9.313649
36,6.55,7.934023
37,10.05,8.249071
38,4.85,5.4112415
39,5.66,6.4643145
40,6.12,9.961192
41,5.0,9.8702345
42,5.92,6.4536786
43,6.17,8.332064
44,7.82,7.3714643
45,7.74,8.038106
46,8.96,9.077442
47,8.52,9.334191
48,8.89,8.965509
49,9.74,8.263675
50,5.66,6.1604347
51,6.08,6.422964
52,6.31,6.025807
53,5.55,6.130186
54,5.57,6.8750105
55,3.8,5.471675
56,7.82,7.9570794
57,6.7,6.766879
58,5.96,6.32274
10,3.59,3.775445
11,7.66,8.429924
12,4.41,4.8857307
13,3.57,3.6388326
14,6.8,6.9719687
15,8.89,9.339664
16,8.11,8.255252
17,7.82,7.9604464
18,9.07,7.9918046
19,5.21,6.180601
20,5.09,6.2089643
21,7.12,7.5690002
22,5.3,5.568056
23,5.92,7.0711
24,5.15,5.6355133
25,4.09,4.5166044
26,7.31,7.819118
27,7.17,7.0634003
28,6.92,6.5906854
29,6.09,6.7407837
30,6.36,6.519586
31,7.68,6.932561
32,5.21,6.0696034
33,5.85,5.705285
34,6.11,6.6475697
35,6.77,6.6934576
36,5.74,5.6942706
37,5.0,5.020033
38,5.96,6.3608303
39,6.82,7.076413
40,7.13,6.904025
41,7.96,6.314744
42,7.3,7.0682573
43,6.77,6.285052
44,6.54,6.2230444
45,5.22,7.545414
46,5.74,6.491855
47,4.96,5.3088326
48,8.12,8.821726
49,4.49,4.947748
50,7.4,6.770025
51,7.7,7.8205366
52,2.44,3.1496112
53,5.19,6.007513
54,5.1,7.189722
55,4.21,5.9203563
56,4.1,6.3824997
57,3.03,3.368267
58,5.19,5.605361
59,6.09,6.833705
11,5.85,6.2688007
12,8.7,9.08106
13,7.72,6.5196214
14,6.03,6.800437
15,5.82,5.460832
16,4.41,4.882902
17,4.33,5.543828
18,6.77,6.8505955
19,6.77,6.940214
20,5.1,5.5923448
21,8.81,8.3012295
22,6.03,6.1744456
23,6.85,7.085601
24,4.79,5.117177
25,6.2,5.9161043
26,7.4,6.3908763
27,5.19,5.3286858
28,6.96,7.9224787
29,7.24,8.50584
30,7.7,7.7005806
31,4.11,4.7578354
32,6.8,6.861041
33,5.76,6.667533
34,4.89,6.0267963
35,4.4,4.4936037
36,4.6,4.79665
37,3.62,6.7207665
38,6.27,7.2200136
39,3.7,4.8130836
40,2.72,5.3553824
41,5.7,5.975857
42,3.3,3.448113
43,6.92,6.9553337
44,6.16,6.2909026
45,5.92,6.8199635
46,5.01,5.61004
47,7.66,8.903953
48,8.55,8.928221
49,5.8,5.934696
50,3.92,5.3109264
51,11.3,11.024905
52,9.82,8.183876
53,3.23,3.3329492
54,7.15,6.379753
55,8.7,6.2753205
56,6.66,6.6447244
57,5.49,6.796848
58,5.4,6.235369
59,3.31,4.6057167
60,8.57,8.365389
12,5.85,6.6681128
13,7.42,7.4903316
14,5.46,5.5723724
15,7.19,7.310961
16,11.05,10.528527
17,4.76,6.3154354
18,5.96,6.451606
19,5.24,5.5250216
20,4.15,5.514662
21,4.48,6.9649305
22,5.12,7.0850973
23,6.77,6.8933516
24,6.06,6.6577816
25,5.85,6.5283437
26,7.74,6.9971695
27,8.3,6.9974427
28,10.57,10.827467
29,10.62,10.412845
30,10.24,10.135146
31,5.39,5.828836
32,7.32,6.338003
33,5.92,6.1780677
34,8.77,8.194838
35,7.57,6.8453503
36,8.0,8.0629225
37,4.85,5.1069636
38,5.15,6.563274
39,4.21,5.9828796
40,5.92,6.1415205
41,7.35,7.337551
42,9.04,6.9373612
43,5.0,5.152433
44,5.35,6.4050474
45,5.05,5.273339
46,7.96,8.407115
47,6.52,7.332887
48,5.74,5.523609
49,6.85,6.613658
50,8.0,8.230211
51,8.92,7.993695
52,8.64,7.336566
53,6.46,6.6016865
54,5.4,4.2422066
55,6.72,6.4253793
56,10.0,9.705796
57,8.0,7.21466
58,3.07,4.1688814
59,5.19,5.0165424
60,6.46,6.7763042
61,8.52,8.102631
13,3.99,4.3900814
14,6.48,6.839079
15,2.75,4.6063232
16,10.25,6.0732107
17,3.04,3.519473
18,9.51,9.890749
19,5.15,5.2065096
20,7.7,5.859478
21,3.21,3.4471924
22,5.24,6.4107666
23,7.74,7.5586357
24,9.27,9.48763
25,10.07,10.262669
26,8.74,8.8201885
27,5.37,6.8041153
28,6.03,6.3464556
29,8.08,8.149605
30,11.85,11.52459
31,6.57,6.7072306
32,6.64,6.654585
33,9.21,6.9452133
34,7.46,6.884806
35,6.2,6.389133
36,10.1,9.19122
37,6.0,5.3565
38,4.77,4.893879
39,4.35,4.378206
40,7.22,7.4187984
41,7.36,7.358139
42,6.92,7.05735
43,6.41,6.4159784
44,5.44,6.909894
45,4.54,4.9893456
46,8.64,7.199024
47,7.42,8.008703
48,7.68,8.344101
49,6.03,6.5787497
50,8.7,9.435217
51,9.13,9.946363
52,4.37,4.5278573
53,5.15,5.276861
54,4.42,6.7340508
55,8.0,8.1508255
56,7.55,6.129917
57,7.3,7.633135
58,2.93,3.8405182
59,3.37,4.0064507
60,4.0,4.4253883
61,8.3,8.402664
62,3.3,5.194004
14,6.19,6.120537
15,5.4,5.667198
16,4.96,6.3853416
17,7.35,7.892357
18,4.6,5.446804
19,7.74,7.9655466
20,6.15,5.9443836
21,7.8,7.767082
22,4.6,5.3510094
23,7.48,8.186771
24,4.22,4.334007
25,5.22,5.34999
26,5.91,6.000408
27,9.22,6.696221
28,7.06,6.5239162
29,3.05,4.8555927
30,7.52,8.414952
31,4.6,5.043236
32,6.74,7.0743885
33,6.4,6.8811975
34,7.74,7.643792
35,3.84,4.283655
36,2.47,3.4694104
37,3.01,4.2698064
38,3.49,4.00406
39,2.27,4.2568307
40,5.12,7.1969323
41,7.64,7.719413
42,7.34,7.5373006
43,6.82,6.7406187
44,5.97,6.7543445
45,5.98,6.1649046
46,3.4,4.0776277
47,4.96,5.6962233
48,7.55,7.662981
49,3.87,5.052144
50,4.82,4.8742867
51,3.94,4.8811545
52,4.29,4.4291925
53,4.73,4.9182386
54,3.55,4.4190245
55,4.17,4.433265
56,4.71,4.82362
57,3.37,3.7667396
58,4.01,5.0259295
59,7.8,7.900172
60,5.6,5.068221
61,4.72,6.0316815
62,8.05,8.266333
63,8.0,7.9789157
15,7.44,8.383127
16,7.68,7.664551
17,8.22,7.741084
18,8.7,8.242882
19,4.3,5.3441095
20,6.28,6.7498827
21,5.22,4.282027
22,4.74,4.6687922
23,5.26,5.140607
24,8.8,8.97508
25,8.4,8.527746
26,8.48,8.471323
27,5.1,5.543469
28,8.41,7.0539775
29,6.09,6.3216963
30,6.34,6.708293
31,4.0,8.434213
32,6.26,6.6322913
33,6.3,5.9472027
34,3.7,3.7648144
35,6.3,6.453627
36,4.68,5.650996
37,9.55,7.6820717
38,3.0,3.0275996
39,8.27,8.030067
40,6.66,7.202306
41,6.73,7.38681
42,11.06,4.376546
43,9.22,8.634624
44,2.21,5.7332973
45,6.96,7.137021
46,6.12,6.6032815
47,7.8,8.346063
48,8.7,8.498455
49,6.04,7.054367
50,7.12,6.7682724
51,4.82,4.9693184
52,4.85,4.9812336
53,7.47,6.4239655
54,5.47,6.935894
55,7.77,8.171093
56,6.18,6.2342615
57,9.48,8.420305
58,6.0,5.4346957
59,6.85,6.5267105
60,6.88,7.4837656
61,8.52,9.315989
62,9.28,9.953688
63,7.08,7.627297
64,7.15,6.75684
16,6.85,6.835523
17,7.05,6.7956953
18,9.0,6.834813
19,3.08,4.364394
20,5.32,4.9781885
21,5.55,5.200007
22,4.82,5.361083
23,5.64,5.957734
24,5.14,5.74158
25,11.7,10.370678
26,10.11,9.880111
27,6.17,7.972348
28,6.55,7.045253
29,6.55,6.288791
30,8.24,7.0049553
31,7.07,6.549886
32,5.89,6.13434
33,5.52,6.522542
34,5.92,6.95964
35,7.32,7.925933
36,7.46,9.0828705
37,7.46,8.633858
38,5.92,6.1118736
39,4.35,5.6264763
40,5.11,6.640081
41,8.1,8.898213
42,8.0,8.586129
43,7.02,7.948821
44,7.09,7.0132213
45,8.14,8.031885
46,7.62,7.621501
47,6.4,6.2411966
48,8.4,8.864542
49,4.52,4.811521
50,9.72,7.2895722
51,4.34,4.7858987
52,9.18,9.349159
53,7.12,8.415434
54,5.64,5.982234
55,7.19,7.0440397
56,3.22,3.6928823
57,5.22,5.1807184
58,5.34,5.8024035
59,6.52,7.2233734
60,7.4,7.620364
61,7.15,7.3823733
62,7.0,8.213261
63,8.77,7.710316
64,8.4,7.5087295
65,6.15,7.3362947
17,9.92,9.35149
18,9.22,9.304441
19,5.7,6.492482
20,4.52,3.6479936
21,3.93,4.5598745
22,6.7,7.353724
23,3.69,5.466466
24,2.22,2.8566504
25,4.77,5.6515613
26,6.2,5.664765
27,8.4,5.937933
28,3.72,5.147087
29,4.44,5.8316936
30,5.92,6.1983385
31,5.66,6.032852
32,7.62,8.02865
33,6.28,6.4871645
34,9.32,9.631699
35,8.85,8.509626
36,4.39,4.6317415
37,7.57,7.6263995
38,9.52,9.327071
39,9.29,8.481446
40,3.64,4.4366837
41,6.43,6.569398
42,6.64,5.9509506
43,6.82,7.1064196
44,4.77,5.084884
45,8.7,8.8804245
46,8.05,7.477157
47,8.4,7.9425793
48,7.43,7.0579853
49,6.31,6.374145
50,4.24,6.9578896
51,2.77,6.1199594
52,6.89,6.7953043
53,5.25,6.1118937
54,5.62,6.3755045
55,8.52,8.655117
56,5.77,5.7167287
57,6.55,7.2551346
58,7.67,8.135181
59,7.05,7.7359915
60,8.05,8.28587
61,5.14,6.204376
62,5.89,6.113653
63,6.19,6.2793274
64,4.0,4.069375
65,6.0,6.514348
66,3.7,5.413061
18,4.1,5.507745
19,8.55,8.924763
20,9.52,9.690456
21,2.8,4.570457
22,5.4,6.079816
23,7.6,6.1650543
24,5.07,5.412762
25,5.33,6.231908
26,5.68,6.279293
27,6.82,6.87185
28,6.14,5.8096576
29,4.66,4.6824894
30,8.27,7.370454
31,5.48,6.324974
32,3.93,4.847797
33,8.01,6.991547
34,7.45,6.147159
35,7.76,6.977429
36,6.03,7.2499537
37,8.62,8.704997
38,8.3,8.220034
39,7.28,7.559162
40,9.22,9.275545
41,7.25,6.298276
42,8.02,8.13997
43,4.7,5.0703545
44,8.1,8.882494
45,7.82,8.719884
46,6.41,7.2497334
47,7.28,7.402484
48,5.52,6.473373
49,3.55,5.6176624
50,4.3,6.3387003
51,3.79,5.6910143
52,7.66,8.997562
53,4.41,4.9866133
54,3.89,6.4661894
55,8.15,8.254627
56,7.7,7.8030233
57,6.92,6.8926
58,6.64,6.549125
59,7.17,7.037489
60,9.89,10.035557
61,4.7,4.9111843
62,7.96,8.039829
63,9.35,10.238382
64,4.74,4.6145945
65,8.26,8.795911
66,6.1,6.0666356
67,6.59,5.1019154
19,6.89,7.1260967
20,8.0,8.087155
21,7.22,6.4855824
22,5.66,7.0500817
23,6.6,7.7334185
24,6.7,6.767971
25,7.94,7.625062
26,6.1,6.1168203
27,6.62,6.80229
28,4.11,4.858881
29,7.54,8.1082735
30,5.7,7.556918
31,6.89,6.583193
32,5.4,6.8975554
33,4.62,6.0321646
34,7.1,7.5525503
35,7.44,6.6660957
36,6.6,6.705769
37,8.18,8.243083
38,6.71,7.384433
39,7.07,7.237214
40,7.59,7.900524
41,6.12,9.599376
42,7.85,8.102209
43,6.1,6.588224
44,8.7,9.492088
45,3.96,4.251669
46,6.14,6.4127893
47,6.68,6.7206335
48,7.15,6.923676
49,6.57,6.592578
50,4.7,5.3014846
51,8.52,6.2310724
52,2.92,4.936268
53,3.7,5.031413
54,8.15,8.21067
55,5.35,5.8919244
56,2.7,2.9097066
57,3.38,5.7952642
58,3.6,6.120474
59,9.52,9.869202
60,6.0,6.5235662
61,8.32,8.329651
62,5.35,5.459924
63,4.82,6.122994
64,5.01,5.922017
65,6.07,6.3494425
66,3.59,4.3331466
67,7.34,7.7750688
68,7.85,8.627374
20,9.52,7.7436504
21,7.0,7.1179614
22,5.22,5.2565312
23,4.82,6.753003
24,5.67,6.464387
25,6.54,6.1879826
26,5.7,5.9139547
27,6.52,6.412469
28,5.49,6.801791
29,8.7,6.475875
30,5.39,5.924018
31,7.22,7.405329
32,4.66,4.925966
33,3.03,3.523107
34,4.32,5.096614
35,8.0,8.06938
36,4.92,5.602825
37,11.35,9.511059
38,7.49,7.3272457
39,4.39,5.1620045
40,6.38,6.2033267
41,7.64,6.8614483
42,7.7,8.416505
43,7.7,7.9801865
44,7.22,6.535744
45,7.08,6.3787494
46,9.52,7.9504642
47,8.48,8.821087
48,3.81,4.2989283
49,5.22,7.155648
50,6.57,5.5075846
51,7.39,7.692812
52,11.4,10.210997
53,7.8,7.7927837
54,4.7,6.7109613
55,7.4,7.8616276
56,7.3,6.9342957
57,11.68,9.891126
58,6.16,7.109437
59,11.57,10.501963
60,11.2,11.130739
61,11.59,11.066905
62,11.72,11.554632
63,5.7,6.351989
64,7.17,7.120991
65,5.4,6.3857517
66,8.89,10.668968
67,4.59,4.8886833
68,8.49,9.246309
69,5.45,5.8314
21,7.43,7.3953977
22,5.55,6.830014
23,6.0,5.5343924
24,3.52,5.1415386
25,7.33,7.70607
26,7.82,8.249314
27,5.41,6.35113
28,6.6,7.03723
29,9.0,8.955542
30,11.34,10.15057
31,6.65,6.2905626
32,4.89,6.2469225
33,6.42,6.2192445
34,6.62,6.125571
35,7.32,6.536029
36,6.35,6.5853596
37,7.0,7.092904
38,7.19,6.7224226
39,6.27,9.273062
40,8.4,8.371316
41,5.4,5.565317
42,6.6,6.5573025
43,8.2,8.982654
44,6.72,6.8262143
45,6.69,7.3505945
46,8.15,8.148557
47,5.24,5.057848
48,7.82,8.644884
49,6.62,6.788326
50,8.7,8.901227
51,6.44,6.8766103
52,7.77,8.049269
53,4.59,5.4471006
54,7.92,7.5814953
55,4.23,4.372904
56,4.23,4.395729
57,7.05,7.2047806
58,7.52,7.0869255
59,5.57,7.055447
60,8.37,9.453736
61,5.82,8.513176
62,6.52,7.508417
63,6.06,5.9611216
64,4.79,5.2670865
65,4.68,5.977125
66,6.52,7.7073
67,4.8,5.957323
68,10.1,10.05578
69,10.46,10.959627
70,7.82,9.219093
22,9.4,9.737619
23,6.25,5.567505
24,7.6,7.460902
25,8.47,8.516787
26,8.65,8.426855
27,8.52,8.464734
28,4.48,4.6848774
29,7.55,5.2169476
30,6.3,6.356985
31,5.0,5.78026
32,5.64,7.455183
33,8.7,9.252863
34,5.54,6.751915
35,7.25,7.380746
36,6.76,6.8495464
37,4.0,5.104909
38,7.92,5.73256
39,8.4,7.1149325
40,6.82,7.149253
41,7.44,5.2021303
42,6.7,6.7184505
43,6.52,6.81752
44,5.0,4.3070164
45,6.35,5.161686
46,10.3,9.254876
47,10.1,10.478639
48,6.12,5.8848953
49,7.96,7.8068457
50,8.48,8.6314945
51,7.62,7.4436693
52,8.96,8.764255
53,9.51,8.492861
54,9.0,7.774825
55,7.46,7.264021
56,6.1,6.3831286
57,6.53,6.500098
58,6.58,7.022577
59,9.37,9.796502
60,8.25,7.933582
61,8.7,8.64525
62,10.7,10.902519
63,10.89,10.613422
64,9.54,6.9123526
65,7.42,6.9235926
66,7.12,6.5618505
67,7.2,6.087579
68,8.11,8.522881
69,7.2,6.7711105
70,5.74,6.0443077
71,7.28,7.5395
23,5.67,6.731741
24,7.62,8.117091
25,7.82,7.838313
26,5.85,6.0442924
27,4.43,4.5704536
28,7.14,7.573605
29,6.59,7.0189686
30,8.1,8.244879
31,8.3,8.793307
32,7.62,7.597395
33,6.44,6.517209
34,6.57,7.7536736
35,4.4,4.4901333
36,4.82,5.3164244
37,6.59,6.4534993
38,6.7,7.197455
39,6.82,8.158689
40,7.57,8.64076
41,4.6,5.6134367
42,8.15,6.718913
43,7.41,7.5042615
44,5.23,6.424624
45,9.01,9.421215
46,8.69,9.608659
47,11.3,11.483269
48,7.18,7.771186
49,8.52,8.51077
50,5.44,5.701701
51,5.3,6.127759
52,6.3,5.9986277
53,3.0,3.6558328
54,4.03,4.070637
55,5.68,7.169789
56,8.4,8.020378
57,7.44,7.442589
58,6.33,7.0902653
59,6.19,7.229867
60,7.25,7.29815
61,8.34,8.799282
62,9.1,10.509518
63,9.07,8.791697
64,5.19,5.380041
65,7.96,7.993364
66,5.72,5.983741
67,5.4,6.3420124
68,7.48,10.087841
69,7.28,6.986996
70,7.38,9.17906
71,7.3,8.31822
72,10.2,10.3188715
24,10.85,10.894386
25,10.57,10.54865
26,7.77,8.138222
27,9.15,9.473386
28,7.15,7.82117
29,6.41,6.9649587
30,6.11,9.059444
31,6.37,6.5419016
32,3.6,4.068431
33,4.26,3.8234391
34,4.0,4.010227
35,5.08,5.4939528
36,3.42,5.6062555
37,4.32,4.5195894
38,8.52,8.785286
39,3.9,5.179662
40,3.55,4.6383696
41,7.48,6.9306927
42,5.67,6.3599486
43,7.26,7.310364
44,3.51,3.6759977
45,5.47,5.63897
46,4.51,5.0108347
47,3.72,3.8051555
48,7.33,7.7230515
49,4.47,6.306431
50,7.44,7.698695
51,5.85,6.0650764
52,6.89,6.7381897
53,6.0,6.6629
54,2.0,2.0633602
55,8.19,8.176994
56,2.6,4.250622
57,8.48,6.5683165
58,6.15,7.1380663
59,5.1,5.4858427
60,4.85,5.0426717
61,4.52,4.722475
62,6.0,6.114479
63,8.3,7.026215
64,5.64,4.8606462
65,6.82,7.345516
66,3.22,3.3847547
67,4.0,5.0753574
68,4.69,5.2822065
69,3.64,3.723289
70,3.0,3.0226758
71,2.72,2.8164442
72,9.08,8.391916
73,8.09,7.438302
25,3.9,5.176408
26,3.42,4.4958477
27,4.31,5.022102
28,6.51,7.57301
29,8.35,8.552133
30,8.4,9.036209
31,8.7,8.752234
32,6.81,7.668788
33,7.3,7.116912
34,6.92,6.7125287
35,3.22,5.3999944
36,4.68,4.4012566
37,2.7,4.933498
38,5.68,4.7619123
39,5.71,5.967697
40,3.66,5.607861
41,5.72,5.034529
42,3.41,5.1348276
43,3.77,4.256139
44,4.15,4.4605317
45,4.07,4.2637854
46,3.94,4.1606307
47,3.0,5.125207
48,4.6,5.030498
49,7.1,6.5785637
50,9.09,8.0003605
51,7.74,7.8300323
52,8.3,5.6355352
53,4.09,3.9425948
54,6.82,5.72853
55,8.3,8.445152
56,4.6,4.9754424
57,4.6,4.7422113
58,8.44,7.5102224
59,7.7,8.37424
60,3.71,4.2207847
61,8.51,8.70199
62,9.7,9.792922
63,3.9,4.358979
64,8.7,9.258273
65,4.96,5.4433813
66,6.89,7.296887
67,5.3,5.748918
68,2.94,3.097211
69,3.02,3.076814
70,5.85,6.732958
71,9.92,9.014193
72,8.0,8.321907
73,4.94,4.9353704
74,7.14,7.825944
26,4.94,5.5343337
27,6.72,6.922736
28,5.42,5.666534
29,6.0,6.305439
30,6.3,6.979063
31,4.15,4.3549113
32,3.9,3.8485935
33,8.52,8.447284
34,7.3,6.3047824
35,7.34,7.7544613
36,8.1,8.259258
37,8.22,8.272669
38,3.52,4.484051
39,3.3,4.0142674
40,8.52,6.909214
41,6.62,6.718892
42,7.02,7.0890064
43,7.03,7.437091
44,8.0,8.290752
45,7.51,7.80927
46,5.0,5.273949
47,2.74,3.0392861
48,4.28,4.5303106
49,3.42,3.6324148
50,9.4,9.729573
51,4.98,5.188074
52,4.85,5.2434664
53,6.07,6.258681
54,4.05,4.9390287
55,4.96,5.1800246
56,2.96,4.1816573
57,2.12,2.5782394
58,9.09,8.198515
59,6.37,5.580109
60,9.13,8.047994
61,4.45,4.7924147
62,6.08,5.7546473
63,5.29,5.612268
64,5.6,6.415039
65,3.96,6.1445713
66,6.1,7.215843
67,6.5,5.89601
68,6.08,5.9667263
69,5.9,6.796409
70,7.05,6.5435467
71,6.0,6.356042
72,8.7,8.826973
73,4.0,4.3657107
74,7.1,5.7380586
75,3.32,4.669246
27,8.59,7.395074
28,8.77,8.822119
29,7.8,8.17248
30,6.6,6.492828
31,4.6,5.8722353
32,4.52,4.8268404
33,6.32,6.7484884
34,3.9,4.5428524
35,3.9,5.7193966
36,3.74,5.0462203
37,5.44,6.218071
38,8.74,7.59171
39,4.29,5.502198
40,6.12,5.764772
41,4.02,4.4411125
42,8.7,9.052359
43,9.0,9.351821
44,7.0,7.1214323
45,5.22,5.992594
46,3.85,5.5762577
47,11.33,7.7138224
48,3.76,4.3088646
49,4.6,5.467044
50,8.57,8.186726
51,3.68,4.35716
52,6.63,7.0325947
53,5.27,6.5170927
54,7.96,8.160706
55,6.74,7.2513194
56,9.19,9.506975
57,8.43,8.336446
58,8.0,8.119438
59,7.82,8.076025
60,6.72,9.107794
61,8.05,8.272921
62,6.46,6.7530465
63,6.22,6.576314
64,3.6,3.8710837
65,3.1,6.6400537
66,6.46,6.9540024
67,9.84,9.436369
68,10.7,9.551681
69,10.62,9.671232
70,8.87,9.614601
71,4.15,4.0100946
72,6.8,7.248111
73,5.96,6.329065
74,7.26,7.160301
75,7.2,6.5976086
76,7.55,7.7817116
28,7.18,7.394529
29,6.66,5.8281393
30,7.82,8.414689
31,6.51,6.7017164
32,9.15,7.1061954
33,5.07,5.304593
34,4.62,4.897506
35,9.96,8.9336
36,5.92,5.8276815
37,6.69,7.0174494
38,6.83,8.6966305
39,3.43,4.09362
40,5.77,5.0835524
41,11.3,10.609639
42,6.55,6.689273
43,8.05,7.954768
44,6.41,6.4260693
45,8.34,8.630877
46,8.44,8.59425
47,7.42,7.140069
48,6.29,6.081937
49,8.7,8.449659
50,6.84,7.377775
51,5.79,7.998756
52,8.89,8.835598
53,8.7,8.941377
54,8.05,7.9418836
55,8.7,8.837776
56,8.4,8.83154
57,6.4,6.625844
58,5.7,6.051305
59,3.14,7.5168514
60,5.75,5.9695044
61,6.1,6.535112
62,5.14,5.77886
63,3.85,5.89812
64,5.52,6.5309477
65,7.34,5.968679
66,7.21,6.9786553
67,7.28,7.5671997
68,5.07,4.3219233
69,6.63,7.0977044
70,8.09,9.059299
71,5.06,7.731765
72,5.09,5.506956
73,5.6,6.2056136
74,8.12,7.8978143
75,8.32,8.882107
76,8.48,8.260473
77,8.13,8.26474
29,9.46,9.050613
30,7.89,7.824057
31,3.16,6.415017
32,7.66,4.7522855
33,4.82,4.8950796
34,4.68,6.5235896
35,9.3,9.010319
36,6.66,6.583683
37,4.08,3.814588
38,9.57,9.4610815
39,5.85,5.2052984
40,6.64,6.7530413
41,8.43,8.551722
42,6.32,8.101001
43,6.74,5.4496126
44,8.82,7.4144373
45,6.87,7.513224
46,8.22,8.646153
47,8.4,6.625423
48,6.37,6.590278
49,6.4,6.6005106
50,6.41,6.5539117
51,6.25,6.4699774
52,6.52,7.084778
53,7.7,7.90259
54,5.48,6.206018
55,7.6,7.2804184
56,7.89,7.7674894
57,6.82,6.6826906
58,6.56,6.5083685
59,7.79,7.864546
60,10.6,10.795309
61,10.49,10.58437
62,9.64,10.122086
63,5.22,5.542366
64,8.82,8.6087
65,7.4,7.1319647
66,6.14,6.754237
67,4.54,4.6983423
68,4.54,6.566367
69,4.0,3.4735484
70,4.12,4.0342584
71,2.66,4.622216
72,9.08,8.6102
73,7.96,8.225029
74,7.28,7.2567415
75,4.15,5.094215
76,3.3,3.431858
77,4.51,4.585272
78,5.05,5.347891
30,6.22,6.849372
31,4.76,8.05605
32,5.7,7.515373
33,8.05,7.8075647
34,7.8,7.196477
35,7.05,8.120963
36,7.05,7.471861
37,3.81,5.929084
38,6.86,8.185377
39,3.77,3.726774
40,2.07,6.225646
41,2.23,2.5576038
42,3.92,4.371025
43,7.15,6.0908012
44,6.4,5.327365
45,6.15,5.3490214
46,5.33,5.8706727
47,3.43,3.9160109
48,8.48,7.207145
49,6.07,6.3900766
50,6.64,7.326803
51,5.16,6.4215364
52,4.55,6.184192
53,2.55,2.7843854
54,4.19,5.7706337
55,3.6,3.759332
56,8.14,6.7650213
57,5.4,6.18607
58,7.55,5.9826922
59,8.77,7.9755955
60,9.27,6.6654253
61,8.6,8.357206
62,8.85,8.940718
63,8.4,8.40184
64,5.82,6.059845
65,5.17,5.31254
66,7.74,8.39851
67,8.0,7.8101134
68,5.28,5.587034
69,7.62,7.597629
70,5.57,5.8000307
71,6.27,6.0812497
72,6.05,6.6784167
73,5.02,6.0784492
74,7.96,7.9325633
75,9.42,9.591874
76,6.26,7.3003817
77,6.17,6.264509
78,6.92,6.4201427
79,5.6,7.529654
31,4.8,6.1631703
32,5.73,5.848728
33,2.7,2.8247309
34,8.7,8.867512
35,8.15,6.6734505
36,3.1,2.7906435
37,3.18,3.7384293
38,5.36,8.339469
39,6.52,6.484767
40,5.49,6.2187653
41,6.5,6.7454133
42,5.48,6.3273735
43,5.54,6.2724466
44,4.96,5.6612353
45,4.03,5.108402
46,4.52,4.559717
47,2.0,4.4221745
48,3.35,3.421567
49,3.11,3.3832579
50,2.9,4.4178233
51,3.96,5.0789747
52,5.7,5.940921
53,7.3,4.507491
54,7.89,6.806345
55,7.2,7.6146593
56,6.8,6.618819
57,6.18,6.648239
58,6.1,6.8583927
59,7.56,5.9059534
60,7.87,7.8258743
61,7.29,6.847101
62,7.57,7.804326
63,7.9,8.202893
64,7.84,7.7936316
65,7.58,7.0344133
66,7.02,7.315012
67,4.9,5.106723
68,5.0,5.6884837
69,4.19,6.1089983
70,4.85,5.1564016
71,6.34,6.610495
72,2.98,3.1506047
73,6.1,6.4935055
74,6.35,6.4734087
75,8.72,8.337175
76,7.07,7.141368
77,6.47,6.7467613
78,6.9,7.0233526
79,6.02,6.405949
80,10.68,10.474739
32,6.35,7.0887146
33,7.77,8.177488
34,8.0,8.155611
35,7.22,7.9384465
36,7.26,6.525223
37,6.54,6.6439104
38,8.4,7.852252
39,8.66,8.885051
40,8.22,8.273879
41,8.8,8.736227
42,6.42,6.4592047
43,5.7,5.969773
44,4.89,5.523473
45,4.77,5.468045
46,4.15,6.259059
47,4.11,4.648482
48,3.75,4.5784583
49,7.64,5.8410025
50,4.6,4.2352953
51,7.92,8.738718
52,8.36,8.375865
53,8.15,6.817156
54,3.37,3.793088
55,9.15,8.64914
56,8.7,7.7547626
57,5.51,5.992936
58,8.06,7.110217
59,8.31,7.143392
60,9.0,6.943282
61,7.85,8.132243
62,4.66,5.466565
63,6.0,4.835999
64,6.74,6.8067183
65,10.59,10.477221
66,4.39,3.7906914
67,4.2,5.390598
68,2.98,4.6836576
69,4.55,5.720931
70,9.74,8.733614
71,6.6,6.5611963
72,4.8,4.746268
73,5.22,5.197254
74,7.37,6.6200876
75,7.0,7.173232
76,7.0,8.094438
77,4.42,3.6952167
78,7.77,7.236623
79,3.58,6.802809
80,6.82,6.2665095
81,6.52,6.498532
33,7.12,7.202135
34,2.3,2.4936666
35,7.22,7.548691
36,5.99,4.7830954
37,5.6,5.140676
38,8.0,7.9018035
39,8.85,6.952986
40,4.92,5.1348624
41,4.79,5.520108
42,6.32,6.0134006
43,7.1,7.875496
44,6.3,9.094911
45,5.91,5.3880534
46,6.35,5.583028
47,5.89,5.971266
48,7.92,7.312155
49,8.9,9.173675
50,5.85,7.504911
51,8.55,8.9005575
52,8.57,8.058319
53,6.7,6.943321
54,8.89,7.1832027
55,7.52,7.263903
56,10.59,10.209726
57,9.41,10.138865
58,7.96,8.965705
59,9.41,9.952142
60,9.64,10.282967
61,7.17,7.593379
62,7.72,8.049946
63,2.69,3.9785206
64,5.66,5.5914855
65,6.91,7.41574
66,7.7,8.056521
67,6.84,7.3485537
68,6.96,8.73794
69,8.1,8.731636
70,8.23,8.835918
71,8.63,8.616112
72,7.4,7.4705687
73,7.19,7.574513
74,7.21,7.4831176
75,3.34,5.0512557
76,3.16,3.5125513
77,2.62,2.8122153
78,6.02,7.114734
79,7.16,6.803457
80,7.7,6.340212
81,6.29,6.4527087
82,4.28,5.171668
34,3.72,4.4971933
35,5.06,5.6412506
36,4.72,5.599043
37,4.85,5.219156
38,3.1,4.336488
39,7.37,8.000386
40,7.09,6.8610067
41,4.22,5.4402714
42,7.68,8.167702
43,7.23,6.6159945
44,6.63,6.4197636
45,6.77,6.052339
46,7.64,7.6771727
47,7.46,7.6183543
48,6.64,6.795414
49,9.08,9.258562
50,7.14,7.5858717
51,7.6,6.538007
52,5.7,5.562782
53,3.71,4.678498
54,3.73,4.055367
55,7.28,6.9205685
56,8.3,7.992714
57,7.15,9.45846
58,9.72,8.540611
59,8.0,6.3989763
60,6.54,6.5529284
61,9.3,7.1310167
62,8.11,7.3418903
63,6.35,6.5291705
64,8.82,8.215484
65,6.07,6.629457
66,6.77,7.8163424
67,6.8,7.1032705
68,6.74,6.7580605
69,3.6,4.4584446
70,9.52,9.4143305
71,6.67,6.809452
72,3.48,3.9424965
73,3.19,7.717124
74,2.0,2.2110674
75,2.36,2.7725487
76,2.51,2.7277765
77,2.89,4.2801876
78,3.71,3.7246554
79,2.96,3.0859
80,4.68,5.380706
81,6.48,6.7141185
82,9.52,8.959288
83,5.49,5.7883334
35,9.07,8.283863
36,6.9,7.3502655
37,5.0,5.0511823
38,7.26,6.941439
39,7.82,7.182164
40,7.25,7.9143357
41,7.19,7.1417055
42,8.7,6.1167464
43,9.77,7.9136553
44,10.8,10.864704
45,11.22,10.956732
46,11.22,11.069941
47,8.3,7.3678083
48,4.1,3.9178414
49,8.0,8.040185
50,7.77,7.8175216
51,9.1,7.0929747
52,2.17,2.2086535
53,2.52,4.7975817
54,6.59,6.4447308
55,6.48,6.1890774
56,6.72,6.1103683
57,3.96,7.492184
58,4.28,5.954014
59,2.35,2.9934707
60,2.12,2.5404527
61,2.59,3.3701696
62,8.0,7.9237394
63,3.48,5.234588
64,5.74,5.9467006
65,5.63,5.529393
66,5.1,5.644639
67,5.89,6.606507
68,4.53,4.4971657
69,10.0,10.340027
70,4.24,4.4078236
71,6.29,6.2734303
72,9.05,8.825921
73,3.3,3.354876
74,8.27,8.647486
75,6.51,6.7159953
76,7.89,7.3139977
77,8.19,7.975186
78,6.17,7.1538973
79,5.35,6.7556877
80,5.34,6.2407093
81,5.39,6.6881876
82,8.3,6.978449
83,8.64,9.038843
84,7.1,6.7111115
36,4.47,4.5796947
37,7.64,7.989294
38,4.49,4.564883
39,8.24,8.399799
40,7.52,7.448354
41,5.49,5.834337
42,4.59,4.520466
43,8.0,6.766908
44,6.89,6.862418
45,8.09,7.686038
46,5.99,5.583951
47,6.98,7.297423
48,8.3,8.352718
49,8.7,8.564643
50,7.12,7.44491
51,6.7,7.0652456
52,5.52,6.6233854
53,6.52,6.6959066
54,8.51,8.494419
55,2.23,4.5955424
56,8.15,6.6163406
57,7.05,7.0659113
58,7.7,6.8189745
59,8.7,9.122562
60,8.7,9.8215275
61,10.35,9.869078
62,5.49,6.3249335
63,10.85,9.211201
64,8.96,9.072865
65,3.89,8.330868
66,8.59,6.9732823
67,7.84,6.4368544
68,7.61,6.789262
69,9.92,8.1952715
70,8.08,8.119516
71,7.02,6.3267484
72,4.0,6.28815
73,6.75,6.9195952
74,7.24,7.3619733
75,2.96,3.032137
76,3.0,3.3475137
77,3.42,3.9691951
78,3.68,5.228381
79,4.1,4.5941267
80,3.27,3.4952247
81,5.52,5.2355986
82,6.22,5.607291
83,6.6,6.69143
84,2.28,4.797832
85,5.62,5.7134285
37,7.6,8.047549
38,7.57,8.629259
39,3.68,3.608862
40,6.05,5.6839657
41,4.54,4.4723425
42,5.82,5.4851537
43,4.12,5.7220783
44,5.74,6.3522234
45,6.08,7.458185
46,5.48,6.9431477
47,7.96,7.8545623
48,4.28,4.407285
49,9.0,8.175325
50,4.89,6.033393
51,5.07,6.3927565
52,5.58,5.6792383
53,5.72,5.297406
54,6.54,6.2587466
55,8.3,8.5817175
56,6.89,7.2087073
57,5.54,5.6815815
58,3.61,3.7557497
59,5.77,7.492545
60,5.0,6.2115297
61,6.4,6.395298
62,7.2,7.1253843
63,8.92,9.113878
64,5.11,5.5961723
65,5.34,5.149594
66,6.3,6.0650845
67,2.92,5.7327695
68,11.07,10.700135
69,11.28,7.9419355
70,8.0,7.9893947
71,9.85,9.415705
72,9.28,8.968116
73,8.46,8.090614
74,7.0,7.4127707
75,8.36,8.265613
76,2.57,6.697299
77,2.3,2.9715214
78,5.51,6.1722097
79,5.92,7.3757634
80,4.7,6.3117375
81,5.7,5.394635
82,6.4,6.3984876
83,4.82,5.9595275
84,4.49,5.4370866
85,4.43,2.7480946
86,7.6,7.416127
38,7.32,6.4455643
39,4.08,5.355487
40,4.22,5.2286835
41,7.64,7.846426
42,7.48,7.459926
43,8.22,8.432259
44,8.18,7.924041
45,7.52,7.6433945
46,6.72,6.8011045
47,6.0,6.003464
48,6.89,7.1251
49,7.0,6.9455333
50,6.72,6.804791
51,5.62,6.512793
52,5.36,5.450131
53,8.22,8.00933
54,9.1,9.424386
55,4.61,6.302941
56,6.92,6.845376
57,7.6,7.924389
58,7.73,8.101091
59,6.62,6.879091
60,8.14,7.4694996
61,7.71,7.620883
62,5.94,5.841765
63,4.88,5.7927675
64,5.44,5.6861854
65,8.52,8.68418
66,9.1,9.369533
67,5.62,5.510391
68,6.22,6.913804
69,5.22,6.4455557
70,2.67,5.370081
71,6.6,8.312265
72,9.8,7.7327204
73,10.96,7.3718843
74,10.06,7.7120247
75,3.84,5.4074216
76,5.39,4.7050395
77,7.22,6.7761664
78,9.04,9.1642
79,6.82,6.889988
80,5.73,5.1708765
81,7.37,7.692707
82,6.74,6.910906
83,7.49,7.438112
84,4.89,6.5818553
85,7.22,7.01326
86,9.1,8.944867
87,5.36,7.180695
39,2.52,2.536539
40,3.52,3.971304
41,7.96,7.2114024
42,6.7,7.3534536
43,7.25,6.3893223
44,7.0,6.7083406
45,6.49,7.430212
46,2.3,3.1655858
47,7.77,7.2397285
48,5.45,5.5582423
49,2.44,3.37893
50,8.05,6.743516
51,8.52,7.538302
52,7.43,6.007288
53,5.22,5.4003587
54,4.66,4.397956
55,3.46,6.0302773
56,8.83,9.567119
57,10.01,10.031966
58,10.7,6.0387015
59,7.52,6.714483
60,7.2,7.332164
61,6.65,7.4578466
62,7.3,7.2461557
63,5.22,5.922227
64,7.82,7.4490767
65,7.84,7.886015
66,7.51,7.683541
67,3.37,3.5628529
68,7.24,7.5513134
69,8.48,8.0228
70,7.02,6.519532
71,6.85,8.081992
72,3.7,6.601646
73,7.14,7.140895
74,5.64,7.0456457
75,4.05,6.239441
76,7.15,7.354679
77,5.26,6.0629015
78,5.34,5.9222064
79,6.0,6.71878
80,5.43,5.1508946
81,8.43,8.6105175
82,7.01,8.413931
83,7.55,7.370361
84,3.45,3.1069245
85,4.75,5.056554
86,4.7,5.2854137
87,8.66,8.689039
88,8.34,8.445215
40,3.78,5.057029
41,9.82,9.129434
42,8.82,8.559143
43,8.35,8.334201
44,9.3,9.67621
45,9.39,9.892845
46,9.8,8.334164
47,6.49,7.3557396
48,8.1,8.608751
49,8.15,8.328214
50,3.48,5.809944
51,7.49,7.8551364
52,9.27,9.290159
53,7.62,7.527694
54,9.1,9.230597
55,4.76,4.921869
56,5.28,5.213866
57,6.68,7.017058
58,7.28,7.088266
59,7.24,7.177269
60,6.46,5.374004
61,10.82,10.733923
62,10.7,10.336081
63,10.72,11.194468
64,11.3,11.590723
65,6.52,7.587345
66,8.8,9.100763
67,7.57,7.387657
68,7.46,7.509133
69,7.47,5.676524
70,6.88,5.5187693
71,4.85,5.168379
72,5.68,7.666552
73,6.74,6.6071777
74,11.23,10.572389
75,6.36,7.5891953
76,5.9,6.427126
77,6.05,6.363875
78,5.2,5.531875
79,6.57,6.7591305
80,6.07,7.2561426
81,7.47,7.7658243
82,8.0,6.5673704
83,3.66,4.120448
84,7.99,7.1345253
85,4.11,3.878349
86,9.19,8.706413
87,6.62,6.3051944
88,5.15,5.580348
89,5.33,6.896364
41,4.13,7.8444986
42,4.48,6.6481504
43,6.22,6.3124537
44,9.74,7.8851624
45,7.25,7.634026
46,7.59,5.626096
47,7.24,8.244684
48,5.1,5.6302104
49,7.6,7.4500313
50,7.26,5.588426
51,7.7,5.518569
52,9.28,8.521978
53,8.72,8.022102
54,4.55,6.1888847
55,6.09,6.4851656
56,5.3,6.469307
57,5.74,5.914818
58,5.24,6.0970597
59,6.58,6.239215
60,2.0,2.639257
61,6.05,5.8970556
62,7.22,6.7897425
63,3.66,4.3922763
64,6.46,4.972022
65,6.22,6.618224
66,9.65,9.289609
67,9.76,9.925818
68,6.44,6.3411946
69,5.3,5.666836
70,6.7,7.6762657
71,4.88,6.1555467
72,6.96,7.6378074
73,6.85,6.8866096
74,4.02,5.0821495
75,9.54,9.277545
76,4.55,5.663684
77,2.82,3.0845523
78,7.82,6.6820674
79,10.17,7.635336
80,6.66,6.7196712
81,3.35,4.427948
82,9.1,9.417774
83,6.86,7.0848494
84,5.33,6.3604665
85,4.18,4.875285
86,6.31,6.2083387
87,7.57,8.03608
88,3.72,5.3530354
89,5.22,8.008477
90,5.65,6.0318165
42,11.54,10.8993225
43,4.97,5.1949625
44,8.77,8.802303
45,4.17,4.634842
46,6.12,6.677503
47,3.24,4.5124726
48,5.89,6.6040187
49,7.8,7.6039324
50,8.38,8.569089
51,6.37,5.3783793
52,5.6,6.3053837
53,5.82,5.2356696
54,5.37,4.806108
55,4.13,5.495098
56,4.65,5.819542
57,6.45,7.547885
58,4.26,5.2796006
59,4.2,4.715613
60,4.05,5.3547306
61,5.22,5.397018
62,8.4,7.947944
63,7.3,6.985529
64,6.41,7.8855877
65,6.92,8.111781
66,5.92,5.8429456
67,6.89,6.9605203
68,8.58,8.812426
69,4.52,6.027579
70,8.36,8.302621
71,4.82,5.0026965
72,9.43,9.180376
73,9.85,9.855286
74,9.31,7.5327272
75,7.4,7.477477
76,6.25,6.5915585
77,5.63,5.9187403
78,9.92,9.990471
79,7.08,7.0249014
80,7.4,7.828228
81,7.52,7.4632425
82,5.77,6.022126
83,4.77,4.6978064
84,8.19,8.196537
85,4.55,5.6426225
86,4.41,6.4139957
87,6.35,6.190998
88,7.35,7.7457004
89,4.85,4.8444014
90,9.28,9.359005
91,2.3,5.8864646
43,4.92,5.286956
44,9.22,9.092514
45,7.8,7.819831
46,7.07,7.159224
47,8.14,8.250027
48,7.42,7.519365
49,8.62,7.861638
50,7.55,7.942396
51,7.89,7.082982
52,8.96,7.6876926
53,8.17,7.609942
54,6.49,6.776005
55,7.05,6.6042557
56,6.8,7.3926563
57,8.6,9.179954
58,8.49,8.332048
59,9.64,9.564873
60,7.41,7.06636
61,7.35,6.5521727
62,6.4,6.684294
63,8.7,6.638299
64,6.82,6.0268154
65,7.21,5.9749136
66,6.47,5.839808
67,6.21,6.3643517
68,6.85,7.2642674
69,5.13,5.3899794
70,6.06,6.266708
71,5.59,5.9307566
72,5.72,4.668477
73,4.16,5.10205
74,3.88,4.7915487
75,8.0,7.477479
76,7.64,7.685508
77,3.61,4.391081
78,6.99,7.461115
79,9.7,8.6143465
80,3.86,4.2046757
81,6.54,7.0590725
82,11.3,10.675272
83,11.11,10.768517
84,8.4,7.4503813
85,6.68,6.604019
86,9.13,5.558238
87,6.26,6.40595
88,5.58,5.705779
89,6.02,6.7122393
90,9.08,9.261245
91,7.56,8.53175
92,6.21,6.4802847
44,4.15,6.819519
45,4.15,5.75118
46,7.85,7.5882425
47,8.52,6.4273863
48,4.55,5.6854243
49,4.7,5.946849
50,4.19,5.201041
51,4.5,6.1936927
52,8.4,7.974935
53,8.6,8.963227
54,4.48,5.063446
55,3.04,3.0878758
56,3.8,4.006585
57,4.3,4.43599
58,2.37,5.046768
59,3.04,3.915144
60,7.46,7.475443
61,8.6,8.667631
62,7.59,6.6643486
63,6.7,6.9515743
64,6.36,6.1619797
65,6.3,6.483431
66,7.0,6.9200764
67,6.98,7.247238
68,6.97,6.441392
69,7.95,7.4762907
70,6.59,6.664778
71,3.47,5.552509
72,3.25,4.8002596
73,5.14,4.895788
74,3.38,3.5853076
75,5.08,5.865896
76,5.87,6.786232
77,5.66,6.1520166
78,6.4,6.5610714
79,6.57,7.242495
80,6.47,6.8454027
81,3.28,3.7883654
82,7.7,8.681646
83,5.38,5.6852484
84,4.62,5.9315324
85,5.27,7.282813
86,6.87,5.900183
87,8.72,8.807865
88,7.17,5.9032383
89,8.28,8.7439785
90,8.52,8.680691
91,9.12,9.2698145
92,8.09,7.0627413
93,7.74,7.806874
45,3.92,4.924614
46,5.04,5.355112
47,5.5,5.104541
48,5.61,6.722362
49,6.19,6.7990484
50,9.0,8.683252
51,9.0,9.008564
52,4.44,5.2048354
53,8.66,7.164528
54,8.05,6.3981285
55,10.17,7.581232
56,4.62,4.651464
57,7.48,8.040804
58,6.31,7.3844543
59,4.38,5.11835
60,5.54,6.467489
61,6.0,6.108469
62,7.1,6.941923
63,2.85,6.282523
64,5.24,5.979346
65,5.89,6.2030287
66,6.31,7.4497786
67,6.92,7.599772
68,8.25,7.942189
69,9.0,6.8967323
70,6.0,6.052045
71,4.63,6.0695
72,4.59,5.9838114
73,4.69,5.9542103
74,4.62,4.6615953
75,6.52,7.262892
76,7.31,7.436372
77,7.4,7.9369164
78,4.3,4.8914547
79,5.3,5.6732316
80,9.0,7.2289915
81,5.02,4.8363166
82,10.92,7.853227
83,5.2,4.584526
84,4.51,5.053569
85,7.77,6.6237483
86,7.85,7.561193
87,4.41,6.4822335
88,4.93,5.2646303
89,5.57,5.2948484
90,6.9,6.9216733
91,7.22,7.2564697
92,5.55,6.063632
93,6.36,6.40935
94,6.29,6.368874
46,6.6,5.909298
47,4.11,6.845147
48,8.55,8.618623
49,8.96,8.822402
50,5.54,6.607791
51,8.57,7.4745784
52,8.07,7.5369606
53,4.82,4.9315434
54,4.0,4.09504
55,2.52,5.3691273
56,4.96,5.7874928
57,9.34,9.230422
58,9.1,9.388476
59,9.19,9.0513525
60,6.24,6.5250454
61,7.4,7.806835
62,8.89,6.9814615
63,4.6,7.3679366
64,7.72,6.9422874
65,8.01,8.106718
66,5.57,6.587497
67,4.84,7.5879602
68,4.67,7.007456
69,4.75,7.1800165
70,7.82,7.3189836
71,3.38,6.828061
72,5.18,6.2615047
73,3.87,5.2054224
74,6.32,5.6883297
75,6.18,6.3963194
76,4.4,4.4431386
77,9.32,9.520077
78,3.87,5.451052
79,6.51,6.5791397
80,6.53,6.971598
81,7.04,7.1132784
82,7.04,7.271076
83,6.92,7.02612
84,5.71,5.766783
85,5.96,6.166546
86,5.74,5.923481
87,5.82,6.020487
88,7.0,7.197116
89,9.08,6.885271
90,8.22,8.292168
91,7.13,9.095848
92,8.0,8.092528
93,7.1,5.508065
94,7.35,6.5958853
95,5.48,5.490302
47,7.4,6.8075523
48,5.66,5.594239
49,6.66,6.792785
50,6.34,6.503842
51,8.47,6.828659
52,9.26,9.471992
53,7.42,6.1287804
54,7.44,7.706107
55,7.41,7.6523666
56,8.3,8.350992
57,8.38,8.558298
58,6.02,5.840891
59,4.23,4.2745013
60,5.12,5.3403273
61,4.96,5.0673943
62,3.28,4.665925
63,3.23,3.7997732
64,2.84,4.1091933
65,2.86,4.1008754
66,5.92,6.118373
67,8.4,8.38159
68,4.85,4.7910624
69,7.0,7.094758
70,8.89,9.159352
71,9.77,9.485216
72,6.54,6.357299
73,7.72,7.5734653
74,8.38,8.42436
75,7.92,8.5696745
76,8.0,8.08488
77,5.2,5.289546
78,8.7,8.54943
79,5.76,7.4826703
80,3.33,4.1653175
81,3.82,5.0546646
82,4.51,5.3051987
83,4.4,5.919811
84,3.4,5.7881536
85,4.62,5.430869
86,3.57,4.7523413
87,4.15,4.7575045
88,7.7,7.958482
89,2.22,4.024042
90,6.2,6.784049
91,4.62,5.3299713
92,4.78,5.5974407
93,8.3,8.128243
94,8.96,8.807392
95,10.7,9.971609
96,3.65,3.5499535
48,3.98,4.0810995
49,3.97,4.270179
50,4.81,4.4883776
51,4.69,4.415392
52,5.01,4.782006
53,2.19,5.1509714
54,2.19,5.3019137
55,2.27,4.917592
56,2.92,4.650238
57,3.66,3.6040168
58,3.89,4.300093
59,3.68,4.6518097
60,3.55,5.8788967
61,3.8,5.2942266
62,7.28,6.127537
63,8.4,8.48031
64,7.96,8.004779
65,6.17,6.378581
66,6.54,6.683407
67,6.05,6.1922283
68,5.89,7.0412436
69,7.13,7.2083273
70,9.28,9.690008
71,7.55,7.9073935
72,7.74,7.871531
73,7.03,7.432144
74,7.21,7.433137
75,7.23,7.571744
76,7.63,7.8282733
77,7.44,7.5725226
78,3.49,3.5476692
79,9.57,9.817289
80,6.12,6.386841
81,4.73,4.341938
82,5.99,6.1608105
83,9.1,9.336554
84,7.24,7.8778567
85,5.86,5.4321594
86,7.1,7.3231835
87,7.45,7.3681793
88,3.33,4.608857
89,7.3,7.6574
90,3.0,3.8502588
91,3.24,4.659522
92,3.34,3.79113
93,3.14,3.7100625
94,2.89,3.821488
95,3.6,4.401841
96,2.68,3.1544929
97,2.68,3.0758333
49,7.89,8.084446
50,3.49,4.3190374
51,3.33,4.372374
52,6.01,6.5550547
53,7.21,7.2439218
54,7.66,7.835501
55,4.54,5.334823
56,7.95,8.066397
57,9.46,9.685936
58,9.64,9.485108
59,8.05,8.120758
60,6.17,6.0273304
61,8.7,8.902842
62,8.91,8.824585
63,8.94,8.758482
64,8.61,8.826088
65,8.37,8.719624
66,9.01,9.250423
67,6.0,6.2410874
68,4.6,4.6792655
69,8.4,8.350248
70,6.91,7.8392944
71,7.92,7.73984
72,6.88,7.7720737
73,6.99,7.235961
74,8.62,8.778756
75,8.35,8.471437
76,3.95,4.493943
77,4.58,4.430703
78,8.29,8.030578
79,3.82,4.8878284
80,7.1,7.31456
81,2.99,4.210833
82,6.22,6.8571014
83,5.59,4.843684
84,4.21,4.440045
85,5.72,6.0733423
86,5.7,6.3298507
87,3.12,4.070093
88,3.34,4.032885
89,6.62,5.783233
90,4.95,5.392735
91,8.14,8.229046
92,7.15,7.96052
93,7.09,7.410269
94,3.6,3.7798166
95,9.0,9.1178665
96,5.68,5.558948
97,5.4,5.261862
98,4.59,7.413143
50,7.32,7.335436
51,9.39,9.370816
52,6.74,7.066097
53,6.68,6.9099216
54,4.42,4.551035
55,9.7,9.727991
56,6.58,6.659735
57,6.71,6.764179
58,2.97,2.9104552
59,5.88,6.0156827
60,6.96,7.204471
61,6.21,6.1961565
62,6.4,6.283977
63,3.12,3.5550952
64,4.82,5.3555737
65,3.36,3.573769
66,3.32,3.561849
67,3.59,3.7523456
68,3.1,3.3060772
69,3.57,3.6243987
70,5.39,7.004863
71,9.15,9.04455
72,9.07,9.160019
73,3.34,3.5065951
74,8.11,8.028783
75,7.46,7.418388
76,8.27,8.26334
77,7.7,7.7621574
78,7.5,7.6401362
79,6.31,6.477945
80,7.68,7.8934627
81,4.15,4.280905
82,4.1,5.4131465
83,7.22,6.14427
84,7.57,9.366932
85,8.72,6.1927576
86,9.3,9.551014
87,2.1,2.2196534
88,5.91,6.2719193
89,8.46,8.538879
90,7.59,7.6300635
91,4.47,4.673101
92,4.49,4.7786293
93,5.59,5.606042
94,5.21,5.214869
95,6.77,6.924139
96,7.06,8.130022
97,8.3,8.432718
98,7.92,7.99215
99,6.75,6.985821
51,5.0,5.133583
52,6.31,6.4300356
53,6.43,6.6233387
54,5.96,6.0923266
55,7.68,5.106164
56,6.44,6.6198196
57,7.12,6.7507324
58,6.56,6.9327116
59,7.62,6.9053187
60,5.1,5.1938663
61,3.3,4.4463453
62,2.46,3.2647548
63,5.96,5.445734
64,3.15,3.993489
65,7.68,5.367458
66,6.31,6.868478
67,5.85,6.0692797
68,5.68,6.4342546
69,5.64,4.382169
70,7.0,7.0629144
71,7.46,8.046706
72,11.74,11.000235
73,4.48,5.0329733
74,11.52,10.825508
75,10.55,10.080239
76,10.32,10.311671
77,11.52,11.68126
78,5.44,6.463581
79,6.72,7.653515
80,6.28,6.8796196
81,8.27,7.312791
82,6.52,7.009317
83,5.72,6.2915134
84,6.6,6.686024
85,6.52,5.8245587
86,5.82,7.163174
87,4.94,4.5403614
88,7.29,7.4271736
89,5.83,6.026474
90,7.52,7.8693113
91,2.96,3.2110484
92,4.43,4.680958
93,5.18,5.8552504
94,9.24,7.4473515
95,4.4,5.732459
96,5.62,5.7868023
97,7.12,6.6698856
98,6.3,6.715455
99,4.97,4.453948
100,8.77,6.1225824
52,9.05,8.057719
53,7.66,8.354813
54,8.92,7.7933702
55,8.36,6.5114136
56,5.28,5.9305677
57,7.7,8.014089
58,6.44,7.3777075
59,2.92,4.159766
60,2.49,5.427368
61,8.6,8.211694
62,7.72,7.593579
63,8.0,8.422243
64,8.74,8.530338
65,5.39,4.9483867
66,5.14,4.3722944
67,4.42,4.6382346
68,8.03,8.188336
69,8.16,8.693733
70,8.09,7.4588323
71,7.08,7.419514
72,7.49,8.0588
73,5.52,5.6107965
74,8.7,7.3016233
75,8.15,7.823776
76,4.3,5.002941
77,6.3,5.959849
78,3.47,3.5462794
79,9.3,9.031684
80,9.4,8.509016
81,6.3,5.843688
82,6.68,5.4864893
83,6.74,4.582017
84,6.7,7.31007
85,4.41,5.0887766
86,5.2,5.167056
87,5.8,6.001086
88,5.19,5.5448594
89,6.7,6.3987756
90,6.27,6.406789
91,5.12,4.335171
92,11.3,7.015662
93,5.7,5.6972537
94,11.82,7.8118386
95,5.43,6.109103
96,6.15,6.231345
97,7.52,7.700818
98,5.38,5.765984
99,6.03,6.946538
100,6.74,7.434997
101,6.99,7.0105333
53,7.0,6.972576
54,5.42,4.834201
55,5.21,5.3201585
56,10.44,10.652609
57,6.17,6.272843
58,3.28,4.841588
59,3.66,4.679187
60,6.72,7.26759
61,7.24,7.354568
62,5.97,5.895685
63,7.57,7.737645
64,4.57,4.715058
65,6.57,6.9549575
66,7.7,7.9572086
67,4.09,4.5683312
68,4.82,5.168151
69,3.73,3.9717999
70,3.15,4.64036
71,3.01,3.4509869
72,2.52,3.0717287
73,2.3,3.3326638
74,2.21,2.601679
75,6.89,5.310627
76,3.05,3.920298
77,7.89,7.477674
78,7.2,6.338934
79,5.8,6.005104
80,4.59,5.5656033
81,4.51,4.859311
82,7.61,7.7384186
83,6.1,6.509498
84,11.32,8.354307
85,6.43,6.5344124
86,7.22,8.023025
87,6.62,5.181026
88,8.2,8.494652
89,10.18,10.053436
90,7.09,7.3110104
91,10.77,7.6884837
92,8.32,8.50863
93,8.74,9.024232
94,8.6,9.027434
95,8.85,9.161541
96,4.67,5.620759
97,4.46,4.380874
98,5.17,5.1339226
99,4.22,5.419262
100,7.66,7.353614
101,9.59,9.721346
102,9.6,9.701347
54,2.89,3.471673
55,3.96,3.9470282
56,9.55,7.5096526
57,7.81,7.5379505
58,7.83,8.155815
59,7.36,7.741143
60,4.37,5.0913887
61,5.24,7.5858154
62,7.84,8.033166
63,7.77,7.8923407
64,4.52,4.582259
65,3.19,3.2487574
66,9.0,8.642891
67,8.22,7.6880784
68,7.05,8.220492
69,3.47,4.241306
70,6.6,6.757861
71,5.06,5.3332815
72,5.12,5.076598
73,5.15,5.430461
74,7.92,8.271315
75,8.05,8.334443
76,8.49,8.630026
77,7.51,7.5726585
78,8.92,8.625607
79,8.62,8.516722
80,7.38,7.502532
81,7.92,7.6783504
82,2.53,5.8199387
83,10.8,9.617001
84,6.12,6.453618
85,4.85,6.522219
86,8.0,7.1289034
87,6.54,6.7235174
88,7.54,7.0712433
89,6.49,7.554529
90,8.54,7.7272677
91,7.76,8.644144
92,9.1,9.083096
93,8.7,8.412523
94,8.22,8.228668
95,4.29,6.084158
96,8.82,7.9752254
97,7.74,6.642275
98,9.05,8.382122
99,6.72,6.913613
100,3.32,4.112207
101,3.04,3.4509308
102,3.99,4.3303995
103,4.14,4.8177557
55,3.5,3.6654954
56,4.46,6.0208597
57,10.9,9.309517
58,2.64,4.0399294
59,11.05,7.148112
60,7.17,6.696103
61,3.57,3.7659397
62,2.98,2.7793052
63,3.67,3.6195896
64,4.15,4.1752634
65,4.43,4.458869
66,3.97,3.9175396
67,4.14,4.103483
68,4.33,4.1670465
69,4.3,4.3283577
70,5.24,5.655242
71,4.93,6.4016213
72,7.89,7.406748
73,4.82,4.913122
74,4.11,6.2883735
75,4.74,5.947073
76,5.24,7.623101
77,4.85,5.165228
78,5.62,5.971276
79,2.34,2.6586623
80,5.4,5.516729
81,6.7,7.1414433
82,6.06,4.999151
83,4.61,4.5425863
84,5.03,4.8578057
85,3.68,4.718768
86,5.32,5.485203
87,4.87,4.930745
88,3.39,3.641041
89,8.72,8.908443
90,8.14,8.189628
91,6.55,6.4346905
92,3.64,3.7991993
93,10.0,7.468117
94,9.52,8.203121
95,7.29,6.637692
96,7.41,7.4299955
97,7.74,7.584675
98,5.7,6.744959
99,5.73,6.2747483
100,5.77,6.2103934
101,5.28,6.5332003
102,4.92,6.0916214
103,4.7,5.216568
104,4.7,4.899334
56,4.6,6.1248064
57,6.4,6.4498396
58,5.21,5.283946
59,6.44,7.202732
60,5.48,5.8616734
61,5.27,5.8290615
62,9.03,9.025322
63,9.22,7.863618
64,11.68,11.772612
65,5.86,6.0828104
66,5.15,6.725102
67,4.43,4.958041
68,4.96,5.594268
69,3.3,5.463271
70,2.3,4.9153795
71,8.62,7.1125865
72,4.74,5.324456
73,6.96,5.219759
74,6.7,4.9676
75,5.04,5.0918055
76,7.4,7.3707614
77,6.7,6.7155704
78,7.4,7.391195
79,3.0,3.9697762
80,7.82,8.405243
81,8.96,8.765398
82,6.85,6.889653
83,7.96,8.001938
84,6.12,6.398155
85,5.51,6.859145
86,3.46,5.5000615
87,6.2,6.4558854
88,6.63,8.067474
89,2.82,2.7692184
90,3.48,3.5091908
91,6.95,7.353535
92,6.11,6.370057
93,4.77,5.0473137
94,11.0,11.156622
95,4.43,5.6863804
96,4.84,5.0466366
97,3.85,3.9724617
98,6.04,6.297208
99,5.84,6.3180256
100,8.57,8.91633
101,7.4,8.204191
102,6.84,7.5692377
103,7.78,7.2159576
104,7.95,6.821327
105,8.0,8.355395
57,7.78,8.997948
58,4.31,5.5104017
59,6.08,6.828804
60,5.48,6.230958
61,8.82,6.5700636
62,7.14,7.456359
63,8.42,8.16981
64,4.82,4.9363976
65,6.0,5.9926777
66,6.45,6.63103
67,7.13,7.39481
68,6.1,7.2403316
69,4.74,4.8708344
70,2.77,2.8468053
71,4.15,4.3519053
72,3.1,4.081971
73,2.49,2.8813608
74,6.1,7.2147303
75,6.5,8.12743
76,6.1,6.22121
77,5.7,5.758769
78,5.78,6.5786324
79,5.68,4.4503536
80,6.06,6.499592
81,3.0,4.630255
82,7.49,7.6229424
83,4.89,4.94045
84,4.68,7.437582
85,6.56,6.66007
86,10.62,10.553728
87,6.54,6.76605
88,3.39,3.59061
89,10.0,6.9747653
90,6.29,6.4281154
91,5.82,5.9087877
92,4.71,4.9289436
93,5.04,5.5973916
94,5.92,5.7848306
95,3.35,3.3507652
96,11.57,11.654881
97,3.42,3.4417806
98,3.0,3.0767932
99,4.8,4.892648
100,2.89,3.539601
101,3.25,3.287696
102,3.23,3.216476
103,3.03,3.0496378
104,2.92,2.897634
105,3.04,3.1138005
106,6.96,6.8721094
58,6.77,7.985174
59,8.15,7.9056234
60,8.09,8.316933
61,5.74,5.0136466
62,5.22,7.0403805
63,4.7,5.390347
64,10.36,8.677968
65,7.23,8.079951
66,6.74,8.536728
67,7.26,7.248996
68,8.15,8.560095
69,6.63,6.812853
70,4.7,4.930742
71,4.8,5.05101
72,8.77,8.066168
73,5.21,5.4336534
74,6.46,6.683907
75,6.05,6.054883
76,6.7,6.816093
77,6.7,6.637209
78,8.49,7.1081686
79,8.04,7.441683
80,7.44,7.7462034
81,7.28,6.062334
82,5.4,5.4859962
83,2.74,2.9817615
84,6.11,6.2342224
85,7.89,7.997015
86,7.6,7.6778936
87,10.2,10.239767
88,9.96,10.017165
89,7.85,7.8708887
90,8.19,8.222878
91,9.59,9.704264
92,9.44,9.478228
93,6.22,6.5633483
94,4.69,7.5742593
95,6.47,6.6773252
96,6.87,5.9521194
97,3.88,4.0686274
98,6.5,6.626096
99,3.82,3.9951699
100,7.71,7.918236
101,5.75,5.74067
102,7.34,7.62879
103,4.22,5.252695
104,8.0,7.260955
105,6.62,6.752651
106,6.47,5.3119926
107,5.94,5.958359
59,6.6,6.7645683
60,3.3,3.2164454
61,3.52,3.5318618
62,3.3,3.2801194
63,5.96,5.9952927
64,4.03,4.119108
65,6.4,6.8473845
66,6.34,5.281443
67,6.21,5.5332985
68,5.76,5.9075623
69,4.55,4.453546
70,5.47,5.7139077
71,7.8,7.4849715
72,5.47,5.549697
73,6.29,4.253688
74,4.19,4.229244
75,3.9,4.021568
76,7.39,7.4010706
77,3.87,3.9889338
78,6.33,5.6417727
79,4.36,4.5681667
80,5.67,5.733386
81,10.35,10.372325
82,7.55,7.510988
83,7.96,7.8771067
84,8.4,8.4638405
85,6.97,7.2204204
86,6.22,6.664769
87,5.97,5.0933113
88,4.67,4.9619093
89,3.89,4.0879736
90,7.26,5.7236147
91,5.24,5.323207
92,2.26,2.4131076
93,3.3,3.2778676
94,5.03,5.073503
95,4.19,4.3980045
96,6.04,6.220921
97,6.82,6.9115124
98,7.57,7.7001066
99,5.76,5.8714213
100,5.54,5.583831
101,5.42,5.656013
102,7.31,7.2717495
103,6.16,6.1300583
104,7.43,8.125693
105,7.38,7.3968925
106,6.72,6.481387
107,8.3,8.325923
108,7.17,7.2346525
60,5.74,5.5848703
61,6.7,6.7679486
62,2.59,2.5450468
63,5.56,5.673799
64,4.3,4.2042627
65,8.52,8.583378
66,8.52,8.628725
67,8.0,8.020807
68,7.16,7.2500772
69,4.22,4.3107166
70,6.6,6.4500704
71,8.28,8.2563505
72,8.28,7.8938923
73,7.07,7.4252415
74,4.61,4.791562
75,5.05,5.24238
76,7.66,7.700265
77,6.55,6.5869865
78,6.02,6.1238623
79,6.79,5.9169946
80,5.08,5.0576725
81,4.48,4.5183535
82,4.17,4.249145
83,4.4,4.3624153
84,4.57,5.9424534
85,5.31,5.432233
86,4.41,4.3482146
87,4.13,4.1543694
88,4.85,4.8722286
89,2.96,3.3376417
90,4.35,4.3111515
91,5.4,5.561058
92,6.0,6.131354
93,4.6,4.9040227
94,5.82,5.9784503
95,7.41,7.479399
96,4.0,4.032707
97,9.15,9.270298
98,7.04,7.106587
99,4.8,4.8857284
100,7.85,6.6822343
101,8.32,8.465735
102,5.48,5.5254335
103,8.64,8.643497
104,6.17,6.2286606
105,7.8,7.7802615
106,7.92,7.855066
107,5.4,5.5552387
108,7.57,7.743998
109,4.89,5.949562
61,8.0,8.069228
62,8.13,8.243173
63,6.3,6.405241
64,5.43,5.4118223
65,4.4,4.419176
66,7.82,7.8732657
67,7.74,7.8852215
68,5.55,5.805797
69,6.73,6.8114433
70,6.54,6.695273
71,6.76,7.0320187
72,6.71,7.7625356
73,5.7,7.444523
74,6.3,6.2859955
75,8.17,8.455679
76,4.87,4.983674
77,8.05,8.152937
78,11.7,11.764801
79,10.35,10.544554
80,6.48,6.514514
81,6.44,6.5115166
82,3.77,3.6911812
83,7.46,7.4112277
84,5.79,5.90991
85,6.43,6.5526295
86,6.95,7.1323204
87,7.36,7.3372803
88,6.18,6.2226744
89,4.32,4.4260993
90,4.42,4.6104813
91,3.59,3.6704416
92,2.64,2.7049952
93,3.02,3.109534
94,4.19,4.1935534
95,4.85,4.976037
96,2.64,2.788828
97,2.15,2.1998217
98,4.65,4.716464
99,6.28,6.409083
100,5.77,5.7756634
101,5.68,5.741442
102,9.4,8.17474
103,5.47,5.6065264
104,8.64,5.3476324
105,5.85,5.903958
106,7.8,8.008516
107,7.66,7.7923717
108,7.07,7.2080398
109,8.6,8.640102
110,7.51,7.683281
62,4.43,4.555988
63,4.12,4.302048
64,4.27,7.6084623
65,4.23,4.4973197
66,7.43,7.462559
67,9.3,9.469042
68,3.9,3.8910997
69,5.54,5.6378098
70,7.32,7.362209
71,7.8,7.8850045
72,7.28,7.3321805
73,7.03,7.2128754
74,3.38,3.3861048
75,6.59,6.7135077
76,3.03,3.119895
77,7.82,7.9591527
78,7.41,6.17722
79,5.15,5.097625
80,6.92,7.066019
81,5.51,5.656802
82,6.82,6.9794865
83,7.3,7.406705
84,4.26,4.2499647
85,3.0,3.2517176
86,5.54,5.585245
87,6.27,6.2330933
88,5.82,6.042921
89,6.26,6.3834705
90,7.96,8.020187
91,8.7,8.653856
92,6.73,6.937895
93,6.1,6.1784015
94,7.64,7.768029
95,8.1,8.286526
96,7.24,7.378212
97,7.85,7.2280817
98,5.94,6.2928014
99,7.85,7.733304
100,6.62,6.6718183
101,6.47,6.6123824
102,6.28,6.422263
103,5.92,6.0896254
104,4.98,5.221758
105,6.87,6.934384
106,8.24,8.448105
107,8.05,7.5836453
108,10.05,7.7735205
109,6.54,5.1023054
110,5.8,5.7064075
111,7.3,7.585353
63,7.0,7.054105
64,7.77,8.0279455
65,4.96,5.041992
66,4.82,4.9179106
67,4.87,4.980307
68,6.94,7.019268
69,6.96,6.8933287
70,7.64,7.8613753
71,6.0,6.148802
72,4.87,5.0023837
73,3.62,3.6800895
74,2.81,2.9121466
75,4.32,4.3217487
76,7.92,8.0636
77,7.89,7.9852204
78,6.87,7.0072465
79,8.7,5.6739445
80,5.85,5.9778376
81,11.26,11.490057
82,9.22,9.328791
83,10.33,9.661887
84,2.16,3.1726618
85,5.59,5.8866725
86,5.74,5.778328
87,6.04,6.1162434
88,3.72,5.6621866
89,10.17,6.366543
90,4.69,4.629365
91,6.11,6.279898
92,4.52,5.07549
93,4.66,4.8748455
94,3.69,3.8768077
95,3.76,3.8105652
96,5.41,5.379302
97,10.0,7.2337236
98,7.52,7.5635614
99,9.52,7.7582026
100,3.46,3.680372
101,3.0,3.0495412
102,5.31,5.3899913
103,4.32,4.4361124
104,2.06,2.204169
105,2.48,2.6793323
106,2.42,5.2492924
107,2.41,2.4572048
108,5.0,5.028869
109,4.21,4.2604265
110,5.41,5.435305
111,5.22,5.467162
112,5.18,5.3218985
64,6.54,6.5478997
65,8.4,8.436914
66,5.48,6.410195
67,4.32,4.3024006
68,6.2,6.2737617
69,4.28,4.3768806
70,3.89,4.037856
71,2.64,4.5918865
72,3.72,3.6716943
73,7.62,7.8218384
74,7.1,7.4136868
75,8.0,7.6684837
76,5.41,5.5907125
77,4.0,3.665235
78,3.44,3.5022366
79,8.96,6.9139824
80,3.23,3.4893274
81,4.84,4.877329
82,4.77,4.8350964
83,2.6,2.7322352
84,2.22,2.3225899
85,2.52,2.776819
86,5.32,5.4113083
87,8.02,8.125349
88,7.6,7.808646
89,8.11,8.130969
90,8.37,8.351215
91,6.66,6.851204
92,3.76,4.7856436
93,7.1,7.328665
94,4.65,5.671034
95,5.49,5.0634704
96,6.73,5.440653
97,5.96,5.147563
98,6.23,6.3567
99,6.54,5.9056616
100,5.02,6.358384
101,7.77,7.8683047
102,7.8,8.018327
103,8.42,7.722456
104,4.12,4.257031
105,6.26,5.87636
106,5.89,6.1118035
107,11.57,11.629478
108,9.72,9.861901
109,9.47,9.597985
110,9.55,9.637938
111,7.41,7.3722773
112,4.76,4.885535
113,7.14,7.2885985
65,6.19,6.471252
66,10.42,10.452595
67,6.77,6.9238834
68,7.75,7.9234686
69,8.21,8.190083
70,9.0,8.960882
71,7.85,7.891737
72,8.03,8.010346
73,7.63,7.7725477
74,8.24,8.389564
75,8.82,8.971186
76,8.72,8.820411
77,6.6,6.6363535
78,2.46,2.6947587
79,6.89,6.896277
80,7.14,7.2138734
81,6.97,7.125845
82,6.59,6.7603045
83,6.63,6.6031723
84,7.07,7.0512486
85,6.94,6.954916
86,7.27,7.3581133
87,9.07,9.037044
88,7.36,7.294422
89,4.07,4.217148
90,8.52,4.4724574
91,5.0,5.2208176
92,7.15,7.23289
93,9.27,9.425778
94,9.03,9.104747
95,10.57,10.669632
96,9.21,9.258932
97,9.11,9.193691
98,9.49,9.547298
99,9.23,9.302323
100,9.5,9.538023
101,5.0,5.065481
102,6.4,6.4608793
103,2.92,3.183642
104,2.17,5.084036
105,2.35,4.6200156
106,2.47,4.9416604
107,5.24,6.3762436
108,5.92,6.0054126
109,7.96,8.148206
110,8.43,8.535445
111,4.71,5.4673185
112,7.82,6.9283876
113,4.13,6.5058875
114,8.02,8.090689
66,7.68,7.8139157
67,6.65,6.7953568
68,9.76,7.030083
69,10.74,7.1359406
70,3.74,5.009241
71,2.77,2.8078408
72,4.68,4.707554
73,6.46,6.439629
74,8.35,8.558535
75,5.8,5.815549
76,7.1,7.1572504
77,10.37,10.484749
78,10.52,10.462574
79,4.57,4.872877
80,8.7,8.712319
81,5.97,6.502137
82,6.5,6.5342717
83,6.38,6.822768
84,5.05,7.7611723
85,7.99,4.812907
86,6.34,6.2653375
87,8.17,8.306246
88,8.24,8.471231
89,8.11,8.187183
90,8.33,8.325772
91,7.76,7.9779634
92,7.4,7.5641127
93,5.82,5.9285636
94,6.28,6.408539
95,6.03,6.0501714
96,5.51,5.4455905
97,7.13,7.314268
98,6.51,6.6182027
99,4.33,6.5320024
100,6.52,6.619528
101,5.82,5.9252105
102,5.88,6.0453424
103,5.66,5.746785
104,5.51,6.7562237
105,9.68,9.64834
106,6.47,6.5660305
107,7.86,7.9055243
108,9.09,9.119525
109,4.3,4.4675155
110,9.82,9.871482
111,4.12,4.2037544
112,4.39,5.746991
113,5.24,6.234741
114,2.93,5.0496073
115,6.33,6.4550524
67,4.43,6.277914
68,5.72,5.681267
69,4.72,6.8038588
70,5.96,6.1109467
71,8.7,8.791999
72,8.0,8.092915
73,6.14,6.3755116
74,7.19,6.60306
75,7.11,6.783147
76,8.64,7.4042683
77,6.6,6.7189746
78,6.9,6.988636
79,5.6,5.6161637
80,7.06,7.1700907
81,5.06,5.069104
82,4.68,4.777692
83,5.95,5.3358603
84,6.69,4.49164
85,3.57,5.050914
86,5.54,5.7013645
87,8.19,8.911426
88,4.15,5.063793
89,2.98,4.240738
90,8.19,7.0570273
91,5.59,5.762437
92,5.17,5.2445164
93,10.71,8.036108
94,6.73,6.8652377
95,7.19,7.3096
96,8.55,8.712843
97,8.22,8.405536
98,9.15,9.44515
99,6.36,8.583107
100,9.4,7.472492
101,9.3,7.868426
102,3.03,3.0641112
103,4.68,4.6443887
104,2.32,2.32909
105,5.48,4.364016
106,5.17,5.102354
107,5.44,4.807767
108,5.49,5.460312
109,6.77,7.2120123
110,4.44,4.530552
111,10.24,7.6872044
112,4.25,4.086835
113,5.25,6.495413
114,7.0,7.05628
115,11.82,11.99857
116,3.85,5.703228
68,7.17,7.109711
69,4.17,4.05118
70,7.21,7.3174586
71,7.51,7.598255
72,10.8,10.8105345
73,5.06,5.2950144
74,5.66,5.1813364
75,8.32,8.453812
76,11.09,7.892128
77,4.55,6.367042
78,4.46,4.7742133
79,3.13,3.3484712
80,7.55,7.608041
81,7.28,7.3221197
82,8.57,8.63923
83,8.85,8.756184
84,8.8,8.3092
85,7.77,7.8780556
86,5.74,5.993061
87,5.41,5.659836
88,4.1,4.219639
89,7.38,7.462469
90,5.39,6.0377793
91,8.69,8.320716
92,9.59,9.782066
93,5.51,3.9046423
94,5.91,5.6888986
95,3.51,3.5895844
96,6.91,5.2370796
97,6.54,6.5017757
98,2.15,2.0615506
99,3.2,3.7279148
100,6.03,5.474742
101,4.24,4.980295
102,6.96,5.7464986
103,2.92,3.0318153
104,6.49,7.6035557
105,8.05,7.401379
106,6.66,5.852914
107,5.63,5.3964853
108,6.37,6.480325
109,4.84,5.099166
110,8.38,8.614996
111,5.24,6.4381094
112,6.09,5.4218206
113,5.82,8.160689
114,10.4,7.0473385
115,5.1,5.6795907
116,5.24,5.7961817
117,6.06,4.5223656
69,5.04,6.664149
70,5.13,6.493768
71,4.92,5.3901005
72,6.36,4.36275
73,6.92,8.2726
74,7.0,7.254527
75,4.44,6.5877366
76,6.46,4.606695
77,7.65,6.60882
78,8.43,7.8018794
79,7.66,7.1086903
80,11.35,11.503448
81,11.05,11.285671
82,7.24,6.8868675
83,9.64,5.6273255
84,6.15,6.3256273
85,3.69,5.056986
86,5.7,6.9407167
87,4.11,5.486604
88,4.46,5.209614
89,4.14,4.3150334
90,7.34,7.139125
91,3.63,4.9878445
92,3.6,4.671749
93,11.46,7.8424835
94,5.53,5.7296057
95,5.84,4.897825
96,11.22,7.713521
97,6.86,7.026469
98,9.7,6.1263967
99,10.21,6.7192807
100,4.24,4.1648912
101,7.92,8.049687
102,8.03,7.72999
103,4.03,4.0980053
104,8.7,8.821774
105,8.8,8.675261
106,7.06,7.0381393
107,9.01,8.287056
108,5.44,7.254298
109,4.64,5.0082626
110,6.09,6.4822197
111,7.85,5.8948364
112,8.64,8.797955
113,5.28,4.828054
114,7.0,6.539075
115,7.66,7.2669573
116,5.24,5.6440597
117,8.35,7.112584
118,9.22,7.069094
70,9.1,6.79861
71,8.96,7.4500866
72,9.0,4.8549585
73,4.85,5.1059446
74,6.1,7.1917434
75,6.46,6.9904127
76,8.62,8.694248
77,5.85,5.9896135
78,5.87,6.596222
79,3.48,6.3561893
80,3.1,5.050106
81,10.48,10.640986
82,7.14,5.493774
83,3.08,7.5528727
84,3.0,6.3823385
85,4.25,5.2865734
86,5.31,7.7581635
87,5.74,5.4943895
88,6.32,7.8362446
89,7.64,7.3696775
90,7.85,7.7820015
91,6.21,5.146063
92,5.85,6.838211
93,5.4,5.119664
94,7.03,6.1462145
95,8.66,7.157996
96,4.68,5.0012636
97,3.88,6.0875745
98,5.4,6.6631947
99,8.0,8.607921
100,6.57,6.6559796
101,2.76,4.814842
102,10.18,5.4750204
103,7.81,5.37514
104,5.22,6.065391
105,5.0,4.9118695
106,5.0,4.9802647
107,6.57,5.3545947
108,6.59,5.80056
109,4.82,4.576385
110,4.85,6.220205
111,4.3,5.77783
112,8.43,7.4707623
113,8.2,7.6057625
114,7.64,6.853575
115,6.82,5.9723115
116,2.65,5.810871
117,3.12,5.074385
118,5.3,8.14376
119,5.52,7.383314
71,6.0,8.716678
72,7.85,6.258807
73,6.0,6.301242
74,6.85,4.2346535
75,4.28,5.965015
76,8.43,7.5075426
77,7.07,6.1065035
78,7.37,6.927601
79,7.46,5.256649
80,8.17,6.128955
81,7.92,6.4813786
82,5.12,7.27429
83,4.24,3.5632086
84,4.26,7.4938602
85,2.8,5.2719116
86,8.22,7.320389
87,4.2,6.274749
88,7.46,7.521822
89,7.73,7.5746813
90,2.16,5.9646115
91,4.68,6.479797
92,6.86,6.3216114
93,6.77,5.4900084
94,5.09,7.55136
95,5.9,7.993752
96,6.67,7.780692
97,8.19,8.247511
98,7.36,7.510624
99,3.15,6.4439344
100,2.97,7.7410445
101,3.04,4.887968
102,2.89,5.4415407
103,3.49,5.5357676
104,3.15,5.151313
105,4.23,6.6189365
106,6.17,6.97191
107,8.89,7.2134414
108,3.67,7.21356
109,3.67,5.7727003
110,3.17,3.558306
111,3.95,3.3366764
112,2.8,5.6968937
113,3.17,6.4427958
114,3.55,3.5648263
115,6.69,5.368062
116,2.36,3.7699242
117,5.77,5.758101
118,6.09,6.0262327
119,2.72,5.0222173
120,5.89,6.0627556
72,6.15,6.8130608
73,8.21,9.30339
74,4.16,5.7733555
75,6.7,6.7044373
76,6.57,6.5227623
77,5.32,7.107588
78,7.0,7.837044
79,3.3,4.9781075
80,2.6,3.3668084
81,3.86,4.109994
82,4.0,4.9344845
83,4.43,5.0671444
84,8.4,7.868159
85,5.28,5.273131
86,6.7,6.3377466
87,5.66,5.4785967
88,6.52,6.377816
89,6.4,6.489396
90,4.99,5.794716
91,5.55,6.1602974
92,6.31,7.121152
93,4.73,7.050794
94,4.05,5.471883
95,5.26,5.889944
96,3.8,3.4223897
97,3.51,2.9838185
98,4.0,6.62216
99,4.43,5.877
100,4.7,4.952092
101,11.2,6.033614
102,10.32,8.471815
103,6.08,6.3839865
104,4.89,3.9571877
105,7.73,6.7142563
106,7.6,6.0654125
107,8.7,7.2926483
108,8.92,8.386976
109,7.85,7.4171615
110,4.71,5.2989464
111,4.72,3.441333
112,5.29,5.940896
113,5.48,6.9131308
114,5.29,6.5049744
115,6.3,6.3678417
116,8.62,7.640006
117,7.62,8.116864
118,7.07,7.5056367
119,7.15,7.896587
120,7.26,5.4849024
121,5.27,6.3681564
73,5.07,5.239437
74,7.07,6.5256224
75,7.8,7.100084
76,6.4,7.627588
77,7.03,7.818972
78,7.92,6.420373
79,7.82,5.0140676
80,6.64,6.6751585
81,6.49,6.5126114
82,5.05,5.982156
83,7.8,6.7146473
84,8.1,7.330106
85,9.4,7.3991446
86,7.28,5.8593254
87,7.28,6.369545
88,7.21,6.70498
89,6.6,5.899535
90,7.52,5.9676266
91,7.52,6.6732645
92,8.55,6.5234566
93,8.05,5.3675413
94,6.28,5.447278
95,7.72,7.293496
96,7.34,7.179306
97,7.28,8.394442
98,7.6,7.9528418
99,6.85,5.596041
100,7.38,6.501961
101,8.7,6.453129
102,6.41,6.343064
103,4.89,5.7445364
104,3.2,5.4754357
105,8.72,5.5022926
106,8.34,6.2101564
107,4.96,6.1833296
108,4.89,6.999057
109,8.89,6.9064155
110,5.27,6.1217155
111,4.49,8.225135
112,4.16,5.593342
113,5.0,6.072814
114,5.92,6.809129
115,7.57,7.5614395
116,6.35,6.688564
117,6.44,6.077254
118,6.46,7.953372
119,6.28,8.724036
120,4.77,4.9767103
121,9.74,5.6220245
122,6.87,5.951147
74,4.66,5.9297123
75,9.14,7.418483
76,6.74,6.9059525
77,7.74,7.013406
78,4.8,5.80522
79,3.7,6.4335413
80,6.85,6.44436
81,7.77,5.992181
82,7.89,7.9887147
83,8.57,6.625761
84,7.77,6.283516
85,4.58,6.6453624
86,4.89,6.884617
87,6.0,6.9711494
88,8.26,7.9951506
89,6.8,4.932035
90,6.47,5.745447
91,8.3,7.8835173
92,7.77,7.198236
93,9.32,11.27417
94,8.72,11.315465
95,4.3,5.9898005
96,4.62,5.8074045
97,6.06,5.856033
98,4.64,5.9424753
99,4.63,5.913734
100,5.63,7.4403543
101,6.73,6.9054823
102,4.85,5.8982205
103,5.4,7.959299
104,4.67,7.177597
105,6.45,7.157074
106,6.63,7.52253
107,6.51,7.2031345
108,6.41,6.048527
109,8.15,5.4227033
110,7.92,9.146218
111,4.8,6.0200677
112,4.74,4.6725554
113,7.09,8.22221
114,8.82,8.473515
115,4.68,4.1678877
116,4.79,3.6049898
117,4.59,6.091857
118,4.35,4.8966975
119,4.41,5.979434
120,4.68,4.934465
121,4.43,6.7687416
122,4.1,5.6321425
123,6.11,7.0582857
75,6.34,4.076177
76,8.82,7.261927
77,6.0,6.3129606
78,5.11,5.619495
79,4.22,5.8421793
80,8.3,6.8014417
81,7.21,6.016756
82,4.71,6.597954
83,6.64,6.678297
84,4.57,4.6889205
85,8.44,9.3202915
86,9.29,10.080697
87,9.15,10.2444935
88,9.49,7.7744956
89,8.48,8.025755
90,5.14,6.892288
91,7.08,6.9042397
92,9.14,7.0809593
93,4.89,6.3476133
94,6.59,6.45084
95,4.28,6.670473
96,6.6,7.4197044
97,7.8,7.753399
98,7.3,7.8554516
99,4.91,5.710757
100,7.0,7.787529
101,6.4,7.6119347
102,7.7,5.8504457
103,7.0,7.341799
104,7.1,6.280575
105,5.4,7.206959
106,9.2,7.0534935
107,4.17,5.946268
108,5.87,5.690281
109,9.0,7.900177
110,8.92,7.423991
111,9.52,7.2709928
112,10.22,8.515924
113,11.13,8.10089
114,7.05,6.074499
115,9.4,8.071273
116,9.24,7.651284
117,4.76,5.5948544
118,7.38,7.4114523
119,7.13,7.588626
120,5.4,7.9191294
121,3.39,7.089796
122,5.85,7.1535187
123,5.27,5.1869154
124,2.62,6.7625456
76,4.14,5.9239697
77,3.6,3.855811
78,6.24,7.053148
79,8.87,6.758548
80,5.04,5.3629904
81,7.89,5.910141
82,5.7,8.145258
83,6.35,8.526652
84,6.28,7.9058285
85,6.34,6.554158
86,3.66,5.7711573
87,8.9,6.5515127
88,8.19,7.0154295
89,4.32,6.0543685
90,3.95,5.626129
91,7.61,6.684226
92,9.05,6.757636
93,8.1,7.452716
94,2.24,5.8680964
95,3.47,6.5660143
96,3.51,4.678373
97,6.32,5.6209993
98,5.38,6.707373
99,6.47,6.206806
100,7.77,5.531218
101,4.06,3.2260048
102,4.27,4.000302
103,4.0,4.128291
104,8.54,8.244525
105,4.77,7.2202425
106,4.77,7.089259
107,8.85,5.7576137
108,5.85,6.2647676
109,6.01,7.4267774
110,2.48,4.2562704
111,3.84,4.514302
112,5.46,7.131812
113,5.79,8.22313
114,3.52,5.7626996
115,8.52,4.526705
116,7.07,3.6416693
117,4.07,4.9795685
118,5.4,6.4320736
119,6.33,7.4725237
120,5.03,5.7000675
121,5.7,7.823618
122,5.52,7.557685
123,7.46,8.2489605
124,5.74,6.8279314
125,7.5,8.601164
77,7.14,7.426438
78,2.31,4.060536
79,8.48,7.078381
80,8.44,6.29869
81,6.05,6.434287
82,5.68,6.8748007
83,7.95,7.226095
84,8.19,6.4819093
85,8.92,7.8879232
86,7.78,7.813222
87,5.08,5.9719677
88,5.31,7.875245
89,4.63,6.9452085
90,4.34,7.0977945
91,5.03,7.5523615
92,8.09,7.201907
93,7.96,7.354743
94,8.66,7.1921215
95,4.21,6.80282
96,5.59,8.188049
97,7.95,8.726727
98,7.52,7.975751
99,8.59,7.2497473
100,5.85,2.5853658
101,7.41,5.5602484
102,10.3,8.015768
103,7.77,5.532756
104,10.7,7.5273566
105,2.89,4.195691
106,6.87,5.4700365
107,7.8,5.759453
108,6.74,6.952224
109,8.7,5.7232876
110,6.8,6.4542513
111,6.64,7.1334925
112,6.14,6.997966
113,5.46,7.2043734
114,7.59,6.3026657
115,7.68,6.0194426
116,7.59,7.784623
117,7.72,6.76017
118,7.46,7.0263176
119,5.52,6.4081974
120,6.7,5.810581
121,6.77,5.7370605
122,7.05,5.6563773
123,6.52,5.6879473
124,6.6,5.622078
125,6.49,5.533812
126,5.77,6.2176685
78,4.88,6.875842
79,6.16,7.8412986
80,8.55,8.229779
81,8.31,7.820277
82,7.24,7.4165907
83,6.44,8.133363
84,7.47,8.317195
85,6.38,7.074933
86,7.73,8.2375555
87,6.28,6.6399007
88,6.39,6.6455445
89,4.03,4.994688
90,3.66,5.346045
91,7.47,7.3958435
92,4.66,4.940694
93,4.52,5.0766354
94,4.85,4.8602304
95,5.68,7.431305
96,6.68,5.0937214
97,6.72,7.348036
98,4.77,4.8667254
99,6.61,6.800438
100,4.89,5.976447
101,5.09,5.0735416
102,5.21,6.4424925
103,5.39,5.797351
104,5.34,7.0414953
105,5.51,5.587841
106,7.13,6.4621305
107,5.96,6.6593933
108,6.71,6.4679775
109,7.47,6.375966
110,4.24,5.722733
111,4.55,5.271276
112,4.37,5.189847
113,3.86,5.432001
114,4.89,5.247795
115,6.02,7.232378
116,5.17,7.2386603
117,6.26,6.359237
118,4.1,6.67357
119,5.74,6.6248693
120,7.55,6.9629803
121,6.67,5.942175
122,5.85,8.23765
123,3.61,6.436503
124,4.39,4.720615
125,4.77,7.189308
126,3.63,6.995494
127,2.89,5.0990252
79,3.1,5.454978
80,2.74,5.199322
81,2.78,5.568198
82,3.39,4.634635
83,3.69,6.859081
84,3.98,5.0836687
85,3.17,4.566229
86,3.43,4.880626
87,4.55,5.2690086
88,4.07,5.4603443
89,5.74,6.7632256
90,4.71,5.9984922
91,4.92,7.603386
92,5.19,7.036179
93,5.67,7.3990316
94,4.74,6.3569765
95,5.96,6.060914
96,5.04,6.9521704
97,4.57,7.08286
98,4.5,6.767178
99,5.92,6.1508
100,2.17,6.76497
101,3.77,5.3580647
102,3.46,4.2714596
103,3.23,5.4755297
104,8.28,8.24003
105,8.47,8.3193245
106,10.49,10.607867
107,8.54,7.373766
108,6.55,7.642627
109,9.1,8.417578
110,8.92,8.111967
111,8.7,4.6391807
112,8.6,7.828939
113,9.7,7.1733294
114,7.7,8.167178
115,7.0,7.9356003
116,9.7,7.6484795
117,4.49,6.2655964
118,4.1,5.6970706
119,6.51,6.1481857
120,7.6,6.150777
121,5.59,5.9258423
122,7.19,6.333881
123,7.96,6.4794865
124,7.62,5.7312613
125,5.82,6.0225525
126,8.97,7.0233593
127,7.31,9.347002
128,7.38,6.7893744
80,7.66,4.3115816
81,5.4,5.9665966
82,7.22,8.7123785
83,2.85,5.282157
84,8.15,7.043508
85,8.28,6.063246
86,7.47,7.8345723
87,5.44,6.050002
88,6.71,5.7336183
89,5.96,6.558161
90,6.49,7.178043
91,7.4,6.1400776
92,5.25,5.2920923
93,5.46,6.4854307
94,5.21,7.1110964
95,4.48,6.065981
96,4.54,6.741607
97,5.11,6.4416046
98,5.47,7.0139894
99,4.58,6.625845
100,4.24,5.4937515
101,6.08,6.010716
102,6.19,6.601198
103,5.35,6.1112795
104,5.07,6.3294125
105,5.41,6.275668
106,5.34,7.032913
107,7.17,5.4415207
108,6.14,5.022502
109,5.74,5.5198407
110,7.64,8.532816
111,7.53,6.166768
112,6.46,6.3953066
113,6.36,6.295171
114,7.78,6.7217035
115,6.01,6.375535
116,3.8,4.9750204
117,5.16,6.3681135
118,4.24,6.5464725
119,7.37,9.361046
120,8.7,8.460899
121,8.49,8.083596
122,6.4,6.419871
123,7.11,5.860306
124,7.85,7.664773
125,4.61,6.852927
126,10.85,10.865394
127,5.96,6.9057693
128,6.97,6.011053
129,8.85,6.6983957
81,10.6,7.9216175
82,8.05,7.517734
83,8.6,8.491504
84,7.12,7.1895714
85,9.2,9.2374935
86,4.24,6.3536744
87,7.06,6.70679
88,7.17,7.342927
89,6.41,5.6550646
90,6.38,5.876918
91,10.15,7.623596
92,4.09,3.6092772
93,6.72,8.742997
94,7.36,7.832237
95,6.82,5.7316036
96,5.96,6.6963177
97,6.57,8.087886
98,6.49,6.761283
99,6.0,7.7249384
100,7.1,7.570425
101,5.55,6.9673495
102,4.18,6.1580143
103,4.52,6.2718005
104,8.52,7.2595134
105,7.49,7.1933775
106,7.61,6.876977
107,6.59,7.4971027
108,8.74,8.764464
109,8.99,7.12374
110,6.87,6.368965
111,7.03,5.708927
112,4.02,4.89169
113,6.21,7.6840286
114,5.24,6.276073
115,7.33,6.3591766
116,6.44,5.4017916
117,6.72,7.2773113
118,6.23,6.007889
119,6.76,6.9467163
120,8.77,5.008398
121,4.7,6.754586
122,4.21,4.9357147
123,4.0,5.1530027
124,7.22,7.773215
125,7.18,8.223844
126,5.62,6.5141907
127,6.31,6.739045
128,7.03,6.5606656
129,9.17,7.510865
130,10.82,10.417859
82,8.21,6.946171
83,5.34,6.002763
84,8.96,8.676826
85,7.85,7.6120925
86,6.15,4.826513
87,6.66,7.5653286
88,7.68,7.654917
89,6.42,6.034916
90,8.64,8.598454
91,3.48,4.7924356
92,5.28,5.024895
93,7.69,8.066575
94,7.29,5.791897
95,8.05,5.7811937
96,6.23,7.5089626
97,5.94,7.758473
98,6.79,5.510282
99,6.72,7.804944
100,3.26,5.7118616
101,5.0,6.6186967
102,6.78,5.5749216
103,6.69,6.2020416
104,6.02,6.4565353
105,3.98,4.099662
106,7.68,8.370618
107,4.5,6.443119
108,6.96,6.438693
109,3.65,5.724089
110,4.95,5.9386573
111,4.89,6.8753586
112,6.6,6.718857
113,5.87,5.2700186
114,6.29,5.7462263
115,6.74,5.3611293
116,6.81,5.2992244
117,6.78,5.1410575
118,6.97,6.847384
119,7.38,6.491866
120,7.06,5.06719
121,5.75,7.6827793
122,7.09,6.9677744
123,7.72,7.00807
124,7.21,6.601267
125,6.72,5.4273043
126,4.39,6.4962554
127,8.2,7.5557075
128,8.62,6.2403064
129,8.0,8.538511
130,5.21,8.145268
131,7.06,8.185367
83,5.77,8.548632
84,3.15,4.4435377
85,2.14,6.220506
86,4.31,5.7482867
87,5.28,5.028513
88,4.34,6.2586594
89,4.82,4.569802
90,4.97,5.993667
91,5.15,5.785037
92,7.05,6.059328
93,6.68,6.82819
94,8.29,7.0659733
95,8.19,7.314647
96,8.39,7.335617
97,9.19,7.9037848
98,8.85,7.502788
99,6.67,6.605771
100,6.11,6.9103055
101,10.55,10.967535
102,7.68,8.128037
103,8.09,8.3552685
104,4.49,5.3935966
105,2.89,5.9016857
106,6.63,7.1512485
107,4.65,4.808197
108,6.67,8.312973
109,5.69,4.8959165
110,5.23,8.416825
111,5.84,5.5717945
112,4.68,5.3273277
113,5.82,4.305989
114,5.55,4.764083
115,7.05,8.741362
116,9.15,5.60754
117,5.47,7.529587
118,7.19,6.8608174
119,3.9,4.3675084
120,7.32,6.910193
121,6.92,5.594994
122,5.17,6.396092
123,3.95,6.366039
124,11.7,9.542601
125,10.92,7.964667
126,8.97,6.965334
127,8.79,7.711914
128,5.1,5.512504
129,5.82,5.224747
130,3.68,5.7390747
131,9.52,7.806257
132,9.7,5.9573975
84,5.66,4.3706326
85,7.3,6.4305186
86,7.82,6.8154283
87,7.7,7.2135677
88,11.52,10.956022
89,8.25,8.903852
90,3.66,5.418645
91,8.52,6.19773
92,6.84,6.4502077
93,4.12,4.278357
94,7.54,5.7017946
95,4.33,5.372203
96,4.78,5.5706615
97,4.03,5.440692
98,5.8,4.8495283
99,4.48,5.123111
100,4.82,5.2037344
101,5.85,5.7276087
102,6.61,5.360323
103,4.35,6.116454
104,3.91,6.2681437
105,4.47,6.172868
106,4.47,6.252738
107,3.72,6.3692527
108,4.09,6.103299
109,4.25,6.472273
110,3.13,6.3554254
111,5.3,3.3358917
112,8.47,4.379387
113,5.05,5.306918
114,7.36,5.9465103
115,8.05,6.841669
116,6.85,5.840933
117,6.6,6.5029497
118,6.92,6.3417106
119,6.34,5.949609
120,5.96,5.514221
121,3.49,6.242016
122,4.07,7.3919125
123,5.14,7.096904
124,6.66,6.9697676
125,5.48,6.125473
126,8.22,5.8202605
127,5.51,6.2909822
128,4.91,6.9825926
129,10.58,8.092439
130,10.89,8.246275
131,9.88,7.8841095
132,9.84,8.06371
133,8.12,9.568365
85,10.51,8.36795
86,8.12,7.4836955
87,8.14,10.445021
88,8.72,8.948893
89,7.48,5.4555035
90,7.11,5.881046
91,5.89,5.5927033
92,4.1,5.9545536
93,3.59,5.64803
94,4.92,7.600145
95,6.09,5.2920246
96,4.18,6.6726456
97,3.19,4.704199
98,3.66,6.4404163
99,4.25,6.1576376
100,10.26,6.6678796
101,10.59,7.580083
102,10.44,7.9563594
103,10.55,7.474535
104,9.03,6.691559
105,8.85,7.3684626
106,8.89,6.319126
107,5.46,5.433809
108,7.66,6.9910216
109,3.82,6.448057
110,10.0,6.731847
111,7.36,6.949936
112,7.18,6.6948376
113,6.55,5.7555885
114,5.75,6.396906
115,9.48,9.535721
116,6.83,5.6986036
117,6.89,6.693855
118,6.92,6.498376
119,11.92,10.810375
120,6.7,7.846903
121,6.57,8.461544
122,5.3,3.9573846
123,6.09,7.012059
124,6.43,8.101072
125,3.32,6.781149
126,7.42,7.2931356
127,6.98,7.4237843
128,5.77,6.1833067
129,6.42,7.005661
130,6.24,5.5106907
131,6.6,7.2619014
132,6.22,4.9219694
133,7.8,6.4926996
134,5.93,6.8234777
86,5.46,4.9979634
87,6.88,6.9206057
88,6.05,8.203699
89,6.29,8.323987
90,6.63,6.815052
91,7.94,7.442942
92,5.8,5.596565
93,7.43,6.2913027
94,5.35,5.1206903
95,5.95,5.9797297
96,6.46,7.1569796
97,7.14,7.572093
98,4.61,8.686464
99,6.15,5.4666963
100,4.74,3.9515102
101,7.0,6.744912
102,8.0,8.213815
103,6.38,6.2040806
104,6.62,7.029001
105,10.65,7.0369253
106,10.47,6.9516735
107,5.64,5.444194
108,7.77,6.494707
109,5.92,8.376968
110,4.71,6.2124157
111,8.06,8.346271
112,7.31,7.258231
113,5.05,5.3703814
114,4.33,5.7290106
115,3.44,7.4071264
116,5.81,6.7617126
117,5.91,7.650761
118,7.48,6.7616243
119,5.37,6.6153984
120,5.72,5.4796515
121,4.66,7.5855055
122,4.47,4.53126
123,4.62,5.425969
124,6.26,7.337892
125,4.31,5.377127
126,5.67,5.915983
127,6.56,8.598248
128,6.0,6.289541
129,6.4,6.336909
130,5.7,6.644947
131,5.13,8.392362
132,6.76,7.749302
133,7.29,6.6860228
134,4.7,5.381093
135,7.15,7.7249756
87,6.48,5.7445283
88,8.48,7.846511
89,4.77,6.059591
90,3.07,5.49737
91,2.47,4.3778667
92,2.64,3.9593973
93,5.88,4.753605
94,6.12,5.429021
95,7.89,7.7607317
96,7.14,8.430927
97,8.22,9.127264
98,6.85,7.0953493
99,4.59,5.689391
100,5.59,4.58366
101,6.72,7.3011703
102,9.77,8.38993
103,7.01,7.0611386
104,6.61,6.694084
105,5.82,6.9644604
106,6.49,6.953705
107,3.0,6.560095
108,3.77,5.3205814
109,4.46,6.001889
110,4.3,5.272896
111,2.92,6.1672306
112,7.41,5.619051
113,5.95,4.323578
114,5.32,5.4602637
115,5.49,5.4976892
116,2.77,4.863643
117,3.52,6.259884
118,4.33,6.5905933
119,3.8,5.8038692
120,4.66,6.9307556
121,5.01,5.840395
122,7.17,5.995994
123,7.82,6.3194532
124,6.77,5.7490244
125,9.46,5.5505323
126,8.4,4.8616
127,8.24,6.028927
128,7.79,6.128762
129,7.37,5.4370985
130,6.62,7.1026764
131,8.38,6.190333
132,7.24,7.590633
133,6.04,6.899472
134,7.62,8.934678
135,6.4,4.719076
136,7.7,6.8780885
88,6.78,7.8587513
89,3.93,5.710353
90,6.43,6.7056985
91,3.92,5.8516717
92,5.46,4.636945
93,6.06,6.537031
94,6.39,6.071162
95,6.54,5.041541
96,5.51,5.3707447
97,3.69,5.1580324
98,4.85,4.15923
99,5.39,4.515217
100,5.39,4.5115204
101,6.71,6.777792
102,2.16,6.8737392
103,4.7,5.914159
104,5.87,7.91503
105,3.87,6.3979616
106,3.86,5.241797
107,3.74,5.4500294
108,4.96,7.2565784
109,8.61,6.4808927
110,6.87,5.9670653
111,7.57,5.9071608
112,6.89,7.1300488
113,4.26,5.3703475
114,4.55,3.790482
115,5.44,4.7202454
116,4.99,5.6145782
117,5.67,7.1730037
118,9.4,7.3678045
119,7.6,6.339396
120,8.4,7.437619
121,7.59,6.6298103
122,6.15,7.0056987
123,7.55,5.7522116
124,6.4,5.355694
125,5.92,6.5224686
126,7.38,7.99952
127,8.1,8.727299
128,7.46,7.5456796
129,8.05,7.802205
130,5.24,4.8663936
131,7.1,8.090159
132,8.01,6.3740377
133,8.26,7.518308
134,5.6,7.27939
135,5.32,3.8327198
136,5.62,6.359666
137,4.82,3.8435555
89,9.3,8.781067
90,9.22,7.446327
91,9.3,8.205479
92,9.35,6.959366
93,8.59,7.1221466
94,8.11,6.8091316
95,10.82,5.458582
96,7.33,6.0640445
97,4.42,6.413529
98,7.94,8.867527
99,7.59,7.058913
100,7.01,6.030498
101,7.0,5.3596554
102,5.7,5.2760544
103,5.02,6.0115113
104,5.42,7.172962
105,4.38,6.228763
106,3.46,5.560021
107,3.77,4.4357023
108,6.24,4.74941
109,4.27,6.069311
110,7.01,6.6503205
111,7.5,6.698227
112,8.55,6.4785395
113,7.17,5.0002503
114,7.33,5.9726496
115,6.04,6.0960503
116,4.94,5.8919744
117,4.03,5.1715164
118,6.39,5.42233
119,6.09,5.2610908
120,6.11,5.2281017
121,6.44,6.1869693
122,7.0,9.042686
123,7.09,5.8400106
124,7.55,6.3709555
125,7.11,5.5827165
126,7.17,5.358165
127,9.3,6.7321444
128,8.98,7.033002
129,3.92,5.6072483
130,4.04,6.8197603
131,4.53,7.619368
132,5.12,7.71951
133,5.82,8.593757
134,6.6,8.86346
135,4.07,8.195202
136,4.89,7.9754753
137,6.24,7.663786
138,6.8,8.37885
90,7.01,6.248546
91,7.31,5.687024
92,6.41,6.3342
93,6.7,6.566112
94,7.8,7.2555466
95,6.74,5.285225
96,3.29,4.742296
97,6.04,9.273358
98,6.4,6.1090016
99,6.66,6.1934767
100,6.51,7.6277456
101,5.21,5.090799
102,7.96,7.2089305
103,7.4,7.7815857
104,4.31,5.1751266
105,4.1,3.887011
106,3.73,4.6264677
107,9.8,7.231588
108,4.92,7.9825253
109,6.42,7.318124
110,5.62,4.6666517
111,6.98,6.2814145
112,6.13,6.756534
113,5.04,6.2792444
114,5.13,6.6960354
115,5.07,7.0343995
116,4.32,6.4404535
117,4.5,7.1277456
118,5.23,6.7093825
119,5.79,6.5496817
120,4.86,6.7247705
121,4.8,7.1283765
122,3.95,5.2633486
123,5.76,6.3454475
124,5.66,4.772418
125,7.24,6.57528
126,5.98,6.303948
127,5.99,6.537155
128,4.7,5.500046
129,5.11,6.328879
130,4.89,6.089362
131,4.84,7.306161
132,4.98,6.255403
133,4.88,6.2028246
134,5.07,6.3980217
135,8.04,6.177968
136,7.22,6.5017037
137,5.05,6.4290333
138,6.43,7.627293
139,5.39,6.8449144
91,8.3,7.0638947
92,7.35,6.809003
93,8.1,7.936795
94,7.47,7.099243
95,5.9,6.732936
96,5.1,3.9251702
97,4.25,6.9603033
98,4.69,6.0619354
99,5.92,7.7358246
100,5.74,6.7278266
101,7.72,6.527805
102,2.82,2.8177428
103,7.85,6.9405
104,5.16,7.4207087
105,7.29,6.1415772
106,4.77,6.6384273
107,5.3,6.293792
108,4.38,6.1302996
109,9.0,8.103247
110,5.05,6.4516616
111,7.26,6.2120953
112,3.62,5.0211787
113,7.54,8.29413
114,6.1,7.320318
115,3.7,6.835192
116,5.41,7.0001225
117,5.8,6.9520426
118,3.37,4.51665
119,8.28,5.878184
120,11.29,5.893223
121,7.0,5.018692
122,6.15,5.502716
123,7.0,5.7235556
124,5.56,6.27583
125,5.37,7.9291005
126,5.07,8.084653
127,5.61,6.4827166
128,5.09,6.355948
129,5.44,6.691308
130,4.6,4.6521006
131,9.68,8.179869
132,9.68,7.212116
133,8.37,7.196555
134,9.22,7.1306257
135,9.52,6.6792345
136,5.7,6.646451
137,5.12,6.1318974
138,6.7,5.164851
139,3.05,5.463745
140,4.52,5.854841
92,7.19,7.5057306
93,10.52,6.08211
94,7.15,6.2691727
95,7.8,6.541604
96,2.7,5.657769
97,10.52,9.234804
98,6.8,7.223245
99,6.47,7.448619
100,4.44,5.894862
101,4.57,6.448497
102,7.8,6.099389
103,4.51,5.258342
104,5.15,3.9561107
105,7.92,6.846559
106,8.19,6.462337
107,7.66,7.9946804
108,7.7,8.451319
109,7.37,6.5921335
110,5.46,5.23057
111,6.51,6.254054
112,10.17,7.4658194
113,9.34,8.083996
114,7.44,7.243795
115,7.12,7.634457
116,6.29,8.420328
117,5.7,4.7913
118,6.5,7.5852885
119,4.38,6.566846
120,8.74,7.4214373
121,8.29,6.9771533
122,7.55,7.5934114
123,9.15,7.5173674
124,8.92,7.6777472
125,8.51,7.161344
126,5.35,5.7280173
127,9.7,5.4764853
128,5.16,4.6300097
129,4.66,6.601714
130,10.4,8.343404
131,9.85,7.782152
132,9.3,8.181363
133,5.55,5.919355
134,7.32,5.2584047
135,7.02,5.8654213
136,4.54,4.3299837
137,7.1,6.6989527
138,4.81,6.473662
139,4.99,7.5160885
140,4.7,7.3815327
141,4.52,6.0625877
93,5.01,6.652915
94,3.59,7.3507223
95,7.17,6.4401627
96,3.32,6.836205
97,3.59,4.969506
98,4.96,5.8474627
99,3.7,6.5796175
100,4.66,5.455374
101,3.85,5.6544223
102,4.92,7.0637445
103,4.54,5.8608227
104,4.6,5.921353
105,5.35,7.1550503
106,3.62,5.237421
107,3.32,7.818654
108,6.96,4.919176
109,5.66,6.548025
110,4.96,6.647856
111,4.54,5.5776997
112,7.65,8.628475
113,6.67,5.2418876
114,3.49,6.5849895
115,4.44,6.075387
116,8.6,7.325571
117,5.23,5.480443
118,7.37,7.291461
119,5.85,4.5340014
120,6.32,4.4877825
121,3.47,5.261529
122,6.41,7.551702
123,4.45,7.1572833
124,7.27,5.9267926
125,7.36,6.481639
126,3.46,3.9605355
127,4.3,5.693638
128,6.49,6.1374125
129,5.71,4.4436636
130,7.74,8.539353
131,7.48,6.8454027
132,8.31,7.1167316
133,4.6,5.989414
134,5.12,7.0189447
135,5.68,7.4537983
136,6.0,6.8508368
137,8.15,6.5672703
138,4.37,5.10053
139,6.46,8.772917
140,6.48,8.342448
141,7.77,8.45433
142,4.66,6.0372577
94,5.06,5.943825
95,5.28,5.912302
96,4.51,5.444268
97,4.82,6.3194036
98,5.35,6.253404
99,4.04,5.357479
100,7.36,6.997677
101,7.46,7.0040994
102,7.04,5.4786916
103,5.17,6.6823034
104,5.3,6.6906085
105,4.92,5.390382
106,4.72,6.374157
107,6.74,6.837591
108,6.92,6.2950325
109,5.07,6.8552737
110,6.44,6.269721
111,6.23,5.92465
112,7.15,6.8164806
113,6.72,6.479612
114,4.89,5.329465
115,3.0,6.2512603
116,6.08,6.6035633
117,4.96,5.2933044
118,4.92,5.1868973
119,4.7,5.772439
120,4.92,7.066559
121,4.35,5.1857767
122,5.44,5.123516
123,5.4,6.1288137
124,5.3,5.72545
125,5.07,6.1072598
126,6.17,6.9150105
127,8.22,6.4735003
128,5.92,6.8922615
129,2.12,4.8717036
130,2.96,4.6678586
131,6.7,7.5387974
132,6.5,7.8386765
133,3.98,4.8347716
134,2.37,2.3969688
135,6.32,8.158337
136,6.79,8.127146
137,7.95,7.1778927
138,5.1,4.6662493
139,5.1,4.988264
140,7.32,8.195302
141,7.51,7.087308
142,3.19,6.250493
143,5.13,5.67807
95,8.64,8.478022
96,8.8,5.853421
97,4.74,6.052334
98,5.26,4.8940196
99,4.74,4.473145
100,4.77,4.382925
101,5.21,5.7150793
102,5.46,5.506295
103,5.59,5.4140916
104,7.16,6.773272
105,5.33,5.8879166
106,6.37,6.0224676
107,6.54,6.565085
108,10.21,7.5387535
109,10.0,7.844738
110,10.0,7.8971624
111,9.3,7.1717243
112,10.29,7.749857
113,4.71,5.8763695
114,6.16,6.5095716
115,6.27,7.1183534
116,7.72,6.440983
117,6.07,6.340689
118,6.32,6.8405247
119,10.72,9.299795
120,8.49,9.260773
121,4.06,4.144307
122,9.15,9.004444
123,7.64,7.043828
